CVE-2016-5359,06/09/2016
CVE-2016-5358,06/09/2016
CVE-2016-5357,06/09/2016
CVE-2016-5356,06/09/2016
CVE-2016-5355,06/09/2016
CVE-2016-5354,06/09/2016
CVE-2016-5353,06/09/2016
CVE-2016-5352,06/09/2016
CVE-2016-5351,06/09/2016
CVE-2016-5350,06/09/2016
CVE-2016-4421,04/30/2016
CVE-2016-4419,04/30/2016
CVE-2016-4418,04/30/2016
CVE-2016-4417,04/30/2016
CVE-2016-4416,04/30/2016
CVE-2016-4415,04/30/2016
CVE-2016-4085,04/25/2016
CVE-2016-4084,04/25/2016
CVE-2016-4083,04/25/2016
CVE-2016-4082,04/25/2016
CVE-2016-4081,04/25/2016
CVE-2016-4080,04/25/2016
CVE-2016-4079,04/25/2016
CVE-2016-4078,04/25/2016
CVE-2016-4077,04/25/2016
CVE-2016-4076,04/25/2016
CVE-2016-4006,04/25/2016
CVE-2016-2532,02/27/2016
CVE-2016-2531,02/27/2016
CVE-2016-2530,02/27/2016
CVE-2016-2529,02/27/2016
CVE-2016-2528,02/27/2016
CVE-2016-2527,02/27/2016
CVE-2016-2526,02/27/2016
CVE-2016-2525,02/27/2016
CVE-2016-2524,02/27/2016
CVE-2016-2523,02/27/2016
CVE-2016-2522,02/27/2016
CVE-2016-2521,02/27/2016
CVE-2015-8742,01/04/2016
CVE-2015-8741,01/04/2016
CVE-2015-8740,01/04/2016
CVE-2015-8739,01/04/2016
CVE-2015-8738,01/04/2016
CVE-2015-8737,01/04/2016
CVE-2015-8736,01/04/2016
CVE-2015-8735,01/04/2016
CVE-2015-8734,01/04/2016
CVE-2015-8733,01/04/2016
CVE-2015-8732,01/04/2016
CVE-2015-8731,01/04/2016
CVE-2015-8730,01/04/2016
CVE-2015-8729,01/04/2016
CVE-2015-8728,01/04/2016
CVE-2015-8727,01/04/2016
CVE-2015-8726,01/04/2016
CVE-2015-8725,01/04/2016
CVE-2015-8723,01/04/2016
CVE-2015-8722,01/04/2016
CVE-2015-8721,01/04/2016
CVE-2015-8720,01/04/2016
CVE-2015-8719,01/04/2016
CVE-2015-8718,01/04/2016
CVE-2015-8717,01/04/2016
CVE-2015-8716,01/04/2016
CVE-2015-8715,01/04/2016
CVE-2015-8714,01/04/2016
CVE-2015-8713,01/04/2016
CVE-2015-8712,01/04/2016
CVE-2015-8711,01/04/2016
CVE-2015-7830,11/14/2015
wnpa-sec-2015-21,08/11/2015
wnpa-sec-2015-22,08/11/2015
wnpa-sec-2015-23,08/11/2015
wnpa-sec-2015-24,08/11/2015
CVE-2015-4652,7/21/2015
CVE-2015-4651,7/21/2015
CVE-2015-3815,5/26/2015
CVE-2015-3814,5/26/2015
CVE-2015-3813,5/26/2015
CVE-2015-3812,5/26/2015
CVE-2015-3811,5/26/2015
CVE-2015-3810,5/26/2015
CVE-2015-3809,5/26/2015
CVE-2015-3808,5/26/2015
CVE-2015-2192,3/7/2015
CVE-2015-2191,3/7/2015
CVE-2015-2190,3/7/2015
CVE-2015-2189,3/7/2015
CVE-2015-2188,3/7/2015
CVE-2015-2187,3/7/2015
CVE-2015-0564,1/9/2015
CVE-2015-0563,1/9/2015
CVE-2015-0562,1/9/2015
CVE-2015-0561,1/9/2015
CVE-2015-0560,1/9/2015
CVE-2015-0559,1/9/2015
CVE-2014-8714,11/22/2014
CVE-2014-8713,11/22/2014
CVE-2014-8712,11/22/2014
CVE-2014-8711,11/22/2014
CVE-2014-8710,11/22/2014
CVE-2014-6432,9/20/2014
CVE-2014-6431,9/20/2014
CVE-2014-6430,9/20/2014
CVE-2014-6429,9/20/2014
CVE-2014-6428,9/20/2014
CVE-2014-6427,9/20/2014
CVE-2014-6426,9/20/2014
CVE-2014-6425,9/20/2014
CVE-2014-6424,9/20/2014
CVE-2014-6423,9/20/2014
CVE-2014-6422,9/20/2014
CVE-2014-6421,9/20/2014
CVE-2014-5165,8/1/2014
CVE-2014-5164,8/1/2014
CVE-2014-5163,8/1/2014
CVE-2014-5162,8/1/2014
CVE-2014-5161,8/1/2014
CVE-2014-4174,6/18/2014
CVE-2014-4020,6/18/2014
CVE-2014-2907,4/24/2014
CVE-2014-2299,3/11/2014
CVE-2014-2283,3/11/2014
CVE-2014-2282,3/11/2014
CVE-2014-2281,3/11/2014
CVE-2013-7114,12/19/2013
CVE-2013-7113,12/19/2013
CVE-2013-7112,12/19/2013
CVE-2013-6340,11/4/2013
CVE-2013-6339,11/4/2013
CVE-2013-6338,11/4/2013
CVE-2013-6337,11/4/2013
CVE-2013-6336,11/4/2013
CVE-2013-5722,9/16/2013
CVE-2013-5721,9/16/2013
CVE-2013-5720,9/16/2013
CVE-2013-5719,9/16/2013
CVE-2013-5718,9/16/2013
CVE-2013-5717,9/16/2013
CVE-2013-4936,7/29/2013
CVE-2013-4935,7/29/2013
CVE-2013-4934,7/29/2013
CVE-2013-4933,7/29/2013
CVE-2013-4932,7/29/2013
CVE-2013-4931,7/29/2013
CVE-2013-4930,7/29/2013
CVE-2013-4929,7/29/2013
CVE-2013-4928,7/29/2013
CVE-2013-4927,7/29/2013
CVE-2013-4926,7/29/2013
CVE-2013-4925,7/29/2013
CVE-2013-4924,7/29/2013
CVE-2013-4923,7/29/2013
CVE-2013-4922,7/29/2013
CVE-2013-4921,7/29/2013
CVE-2013-4920,7/29/2013
CVE-2013-4083,6/9/2013
CVE-2013-4082,6/9/2013
CVE-2013-4081,6/9/2013
CVE-2013-4080,6/9/2013
CVE-2013-4079,6/9/2013
CVE-2013-4078,6/9/2013
CVE-2013-4077,6/9/2013
CVE-2013-4076,6/9/2013
CVE-2013-4075,6/9/2013
CVE-2013-4074,6/9/2013
CVE-2013-3562,5/24/2013
CVE-2013-3561,5/24/2013
CVE-2013-3560,5/24/2013
CVE-2013-3559,5/24/2013
CVE-2013-3558,5/24/2013
CVE-2013-3557,5/24/2013
CVE-2013-3556,5/24/2013
CVE-2013-3555,5/24/2013
CVE-2013-2488,3/7/2013
CVE-2013-2487,3/7/2013
CVE-2013-2486,3/7/2013
CVE-2013-2485,3/7/2013
CVE-2013-2484,3/7/2013
CVE-2013-2483,3/7/2013
CVE-2013-2482,3/7/2013
CVE-2013-2481,3/7/2013
CVE-2013-2480,3/7/2013
CVE-2013-2479,3/7/2013
CVE-2013-2478,3/7/2013
CVE-2013-2477,3/7/2013
CVE-2013-2476,3/7/2013
CVE-2013-2475,3/7/2013
CVE-2013-1590,2/2/2013
CVE-2013-1589,2/2/2013
CVE-2013-1588,2/2/2013
CVE-2013-1587,2/2/2013
CVE-2013-1586,2/2/2013
CVE-2013-1585,2/2/2013
CVE-2013-1584,2/2/2013
CVE-2013-1583,2/2/2013
CVE-2013-1582,2/2/2013
CVE-2013-1581,2/2/2013
CVE-2013-1580,2/2/2013
CVE-2013-1579,2/2/2013
CVE-2013-1578,2/2/2013
CVE-2013-1577,2/2/2013
CVE-2013-1576,2/2/2013
CVE-2013-1575,2/2/2013
CVE-2013-1574,2/2/2013
CVE-2013-1573,2/2/2013
CVE-2013-1572,2/2/2013
CVE-2012-6056,12/5/2012
CVE-2012-6054,12/5/2012
wnpa-sec-2012-40,11/28/2012
wnpa-sec-2012-39,11/28/2012
wnpa-sec-2012-38,11/28/2012
wnpa-sec-2012-37,11/28/2012
wnpa-sec-2012-36,11/28/2012
wnpa-sec-2012-35,11/28/2012
wnpa-sec-2012-34,11/28/2012
wnpa-sec-2012-31,11/28/2012
wnpa-sec-2012-30,11/28/2012
CVE-2012-5240,10/4/2012
CVE-2012-5238,10/4/2012
CVE-2012-5237,10/4/2012
CVE-2012-5239,10/3/2012
CVE-2012-4298,8/16/2012
CVE-2012-4297,8/16/2012
CVE-2012-4296,8/16/2012
CVE-2012-4295,8/16/2012
CVE-2012-4294,8/16/2012
CVE-2012-4293,8/16/2012
CVE-2012-4292,8/16/2012
CVE-2012-4291,8/16/2012
CVE-2012-4290,8/16/2012
CVE-2012-4289,8/16/2012
CVE-2012-4288,8/16/2012
CVE-2012-4287,8/16/2012
CVE-2012-4286,8/16/2012
CVE-2012-4285,8/16/2012
CVE-2012-4049,7/24/2012
CVE-2012-4048,7/24/2012
CVE-2012-2394,6/30/2012
CVE-2012-2393,6/30/2012
CVE-2012-2392,6/30/2012
CVE-2012-1596,4/11/2012
CVE-2012-1595,4/11/2012
CVE-2012-1594,4/11/2012
CVE-2012-1593,4/11/2012
wnpa-sec-2012-03,1/10/2012
wnpa-sec-2012-02,1/10/2012
wnpa-sec-2012-01,1/10/2012
wnpa-sec-2011-19,11/1/2011
wnpa-sec-2011-18,11/1/2011
wnpa-sec-2011-17,11/1/2011
CVE-2011-3484,9/20/2011
CVE-2011-3483,9/20/2011
CVE-2011-3482,9/20/2011
CVE-2011-3360,9/20/2011
CVE-2011-3266,8/23/2011
CVE-2011-2698,8/23/2011
CVE-2011-2597,7/7/2011
CVE-2011-2175,6/6/2011
CVE-2011-2174,6/6/2011
CVE-2011-1959,6/6/2011
CVE-2011-1958,6/6/2011
CVE-2011-1957,6/6/2011
wnpa-sec-2011-06,4/15/2011
wnpa-sec-2011-05,4/14/2011
CVE-2011-0713,3/2/2011
wnpa-sec-2011-04,3/1/2011
wnpa-sec-2011-03,3/1/2011
CVE-2011-0538,2/8/2011
CVE-2011-0445,1/12/2011
CVE-2011-0444,1/12/2011
CVE-2010-4538,1/7/2011
CVE-2010-4301,11/26/2010
CVE-2010-4300,11/26/2010
CVE-2010-3445,11/26/2010
CVE-2010-3133,8/26/2010
CVE-2010-2995,8/13/2010
CVE-2010-2994,8/13/2010
CVE-2010-2993,8/13/2010
CVE-2010-2992,8/13/2010
CVE-2010-2287,6/15/2010
CVE-2010-2286,6/15/2010
CVE-2010-2285,6/15/2010
CVE-2010-2284,6/15/2010
CVE-2010-2283,6/15/2010
CVE-2010-1455,5/12/2010
wnpa-sec-2010-02,1/27/2010
CVE-2009-4378,12/21/2009
CVE-2009-4377,12/21/2009
CVE-2009-4376,12/21/2009
CVE-2009-3551,10/30/2009
CVE-2009-3550,10/30/2009
CVE-2009-3549,10/30/2009
wnpa-sec-2009-06,9/15/2009
wnpa-sec-2009-05,9/15/2009
CVE-2009-2563,7/21/2009
CVE-2009-2562,7/21/2009
CVE-2009-2561,7/21/2009
CVE-2009-2560,7/21/2009
CVE-2009-2559,7/21/2009
wnpa-sec-2009-03,5/21/2009
CVE-2009-1269,4/13/2009
CVE-2009-1268,4/13/2009
CVE-2009-1267,4/13/2009
CVE-2009-1210,4/1/2009
wnpa-sec-2009-01,2/6/2009
wnpa-sec-2008-07,12/10/2008
wnpa-sec-2008-06,10/20/2008
wnpa-sec-2008-05,9/3/2008
wnpa-sec-2008-04,7/10/2008
wnpa-sec-2008-03,6/30/2008
