7.42.1,CVE-2015-3237,50c7f17e503fbab5081b69c97f9d4645389b9270
7.42.1,CVE-2015-3236,24a8359b256f8a3d7892f21f156a4bf0a42710d5
7.42.0,CVE-2015-3237,50c7f17e503fbab5081b69c97f9d4645389b9270
7.42.0,CVE-2015-3236,24a8359b256f8a3d7892f21f156a4bf0a42710d5
7.42.0,CVE-2015-3153,69a2e8d7ec581695a62527cb2252e7350f314ffa
7.41.0,CVE-2015-3237,50c7f17e503fbab5081b69c97f9d4645389b9270
7.41.0,CVE-2015-3236,24a8359b256f8a3d7892f21f156a4bf0a42710d5
7.41.0,CVE-2015-3153,69a2e8d7ec581695a62527cb2252e7350f314ffa
7.41.0,CVE-2015-3144,0583e87ada7a3cfb10904ae4ab61b339582c5bd3
7.41.0,CVE-2015-3145,b5f947b8ac0e282c61c75b69cd5b9d37dafc6959
7.41.0,CVE-2015-3148,79b9d5f1a42578f807a6c94914bc65cbaa304b6d
7.41.0,CVE-2015-3143,31be461c6b659312100c47be6ddd5f0f569290f6
7.40.0,CVE-2015-3237,50c7f17e503fbab5081b69c97f9d4645389b9270
7.40.0,CVE-2015-3236,24a8359b256f8a3d7892f21f156a4bf0a42710d5
7.40.0,CVE-2015-3153,69a2e8d7ec581695a62527cb2252e7350f314ffa
7.40.0,CVE-2015-3144,0583e87ada7a3cfb10904ae4ab61b339582c5bd3
7.40.0,CVE-2015-3145,b5f947b8ac0e282c61c75b69cd5b9d37dafc6959
7.40.0,CVE-2015-3148,79b9d5f1a42578f807a6c94914bc65cbaa304b6d
7.40.0,CVE-2015-3143,31be461c6b659312100c47be6ddd5f0f569290f6
7.39.0,CVE-2015-3153,69a2e8d7ec581695a62527cb2252e7350f314ffa
7.39.0,CVE-2015-3144,0583e87ada7a3cfb10904ae4ab61b339582c5bd3
7.39.0,CVE-2015-3145,b5f947b8ac0e282c61c75b69cd5b9d37dafc6959
7.39.0,CVE-2015-3148,79b9d5f1a42578f807a6c94914bc65cbaa304b6d
7.39.0,CVE-2015-3143,31be461c6b659312100c47be6ddd5f0f569290f6
7.39.0,CVE-2014-8151,4ce22c607be9066b321f3eb3c524a6fff251a1e2
7.39.0,CVE-2014-8150,178bd7db34f77e020fb8562890c5625ccbd67093
7.38.0,CVE-2015-3153,69a2e8d7ec581695a62527cb2252e7350f314ffa
7.38.0,CVE-2015-3144,0583e87ada7a3cfb10904ae4ab61b339582c5bd3
7.38.0,CVE-2015-3145,b5f947b8ac0e282c61c75b69cd5b9d37dafc6959
7.38.0,CVE-2015-3148,79b9d5f1a42578f807a6c94914bc65cbaa304b6d
7.38.0,CVE-2015-3143,31be461c6b659312100c47be6ddd5f0f569290f6
7.38.0,CVE-2014-8151,4ce22c607be9066b321f3eb3c524a6fff251a1e2
7.38.0,CVE-2014-8150,178bd7db34f77e020fb8562890c5625ccbd67093
7.38.0,CVE-2014-3707,b3875606925536f82fc61f3114ac42f29eaf6945
7.37.1,CVE-2015-3153,69a2e8d7ec581695a62527cb2252e7350f314ffa
7.37.1,CVE-2015-3144,0583e87ada7a3cfb10904ae4ab61b339582c5bd3
7.37.1,CVE-2015-3145,b5f947b8ac0e282c61c75b69cd5b9d37dafc6959
7.37.1,CVE-2015-3148,79b9d5f1a42578f807a6c94914bc65cbaa304b6d
7.37.1,CVE-2015-3143,31be461c6b659312100c47be6ddd5f0f569290f6
7.37.1,CVE-2014-8151,4ce22c607be9066b321f3eb3c524a6fff251a1e2
7.37.1,CVE-2014-8150,178bd7db34f77e020fb8562890c5625ccbd67093
7.37.1,CVE-2014-3707,b3875606925536f82fc61f3114ac42f29eaf6945
7.37.1,CVE-2014-3620,a76825a5efa6b41d3a1d4f275dada2f017f6f566
7.37.1,CVE-2014-3613,8a75dbeb2305297640453029b7905ef51b87e8dd
7.37.0,CVE-2015-3153,69a2e8d7ec581695a62527cb2252e7350f314ffa
7.37.0,CVE-2015-3144,0583e87ada7a3cfb10904ae4ab61b339582c5bd3
7.37.0,CVE-2015-3145,b5f947b8ac0e282c61c75b69cd5b9d37dafc6959
7.37.0,CVE-2015-3148,79b9d5f1a42578f807a6c94914bc65cbaa304b6d
7.37.0,CVE-2015-3143,31be461c6b659312100c47be6ddd5f0f569290f6
7.37.0,CVE-2014-8151,4ce22c607be9066b321f3eb3c524a6fff251a1e2
7.37.0,CVE-2014-8150,178bd7db34f77e020fb8562890c5625ccbd67093
7.37.0,CVE-2014-3707,b3875606925536f82fc61f3114ac42f29eaf6945
7.37.0,CVE-2014-3620,a76825a5efa6b41d3a1d4f275dada2f017f6f566
7.37.0,CVE-2014-3613,8a75dbeb2305297640453029b7905ef51b87e8dd
7.36.0,CVE-2015-3153,69a2e8d7ec581695a62527cb2252e7350f314ffa
7.36.0,CVE-2015-3145,b5f947b8ac0e282c61c75b69cd5b9d37dafc6959
7.36.0,CVE-2015-3148,79b9d5f1a42578f807a6c94914bc65cbaa304b6d
7.36.0,CVE-2015-3143,31be461c6b659312100c47be6ddd5f0f569290f6
7.36.0,CVE-2014-8151,4ce22c607be9066b321f3eb3c524a6fff251a1e2
7.36.0,CVE-2014-8150,178bd7db34f77e020fb8562890c5625ccbd67093
7.36.0,CVE-2014-3707,b3875606925536f82fc61f3114ac42f29eaf6945
7.36.0,CVE-2014-3620,a76825a5efa6b41d3a1d4f275dada2f017f6f566
7.36.0,CVE-2014-3613,8a75dbeb2305297640453029b7905ef51b87e8dd
7.35.0,CVE-2015-3153,69a2e8d7ec581695a62527cb2252e7350f314ffa
7.35.0,CVE-2015-3145,b5f947b8ac0e282c61c75b69cd5b9d37dafc6959
7.35.0,CVE-2015-3148,79b9d5f1a42578f807a6c94914bc65cbaa304b6d
7.35.0,CVE-2015-3143,31be461c6b659312100c47be6ddd5f0f569290f6
7.35.0,CVE-2014-8151,4ce22c607be9066b321f3eb3c524a6fff251a1e2
7.35.0,CVE-2014-8150,178bd7db34f77e020fb8562890c5625ccbd67093
7.35.0,CVE-2014-3707,b3875606925536f82fc61f3114ac42f29eaf6945
7.35.0,CVE-2014-3620,a76825a5efa6b41d3a1d4f275dada2f017f6f566
7.35.0,CVE-2014-3613,8a75dbeb2305297640453029b7905ef51b87e8dd
7.35.0,CVE-2014-2522,63fc8ee7be2b712e7af5029f4f8a86a0dfd71b38
7.35.0,CVE-2014-1263,afc6e5004fabee590e41ffe750a237e1187fbbbd
7.35.0,CVE-2014-0139,5019c780958c3a8dbe64123aa90e6eaff1b84cfa
7.35.0,CVE-2014-0138,517b06d657aceb11a234b05cc891170c367ab80d
7.34.0,CVE-2015-3153,69a2e8d7ec581695a62527cb2252e7350f314ffa
7.34.0,CVE-2015-3145,b5f947b8ac0e282c61c75b69cd5b9d37dafc6959
7.34.0,CVE-2015-3148,79b9d5f1a42578f807a6c94914bc65cbaa304b6d
7.34.0,CVE-2015-3143,31be461c6b659312100c47be6ddd5f0f569290f6
7.34.0,CVE-2014-8151,4ce22c607be9066b321f3eb3c524a6fff251a1e2
7.34.0,CVE-2014-8150,178bd7db34f77e020fb8562890c5625ccbd67093
7.34.0,CVE-2014-3707,b3875606925536f82fc61f3114ac42f29eaf6945
7.34.0,CVE-2014-3620,a76825a5efa6b41d3a1d4f275dada2f017f6f566
7.34.0,CVE-2014-3613,8a75dbeb2305297640453029b7905ef51b87e8dd
7.34.0,CVE-2014-2522,63fc8ee7be2b712e7af5029f4f8a86a0dfd71b38
7.34.0,CVE-2014-1263,afc6e5004fabee590e41ffe750a237e1187fbbbd
7.34.0,CVE-2014-0139,5019c780958c3a8dbe64123aa90e6eaff1b84cfa
7.34.0,CVE-2014-0138,517b06d657aceb11a234b05cc891170c367ab80d
7.34.0,CVE-2014-0015,8ae35102c43d8d06572c3a1292eb6e27e663c78d
7.33.0,CVE-2015-3153,69a2e8d7ec581695a62527cb2252e7350f314ffa
7.33.0,CVE-2015-3145,b5f947b8ac0e282c61c75b69cd5b9d37dafc6959
7.33.0,CVE-2015-3148,79b9d5f1a42578f807a6c94914bc65cbaa304b6d
7.33.0,CVE-2015-3143,31be461c6b659312100c47be6ddd5f0f569290f6
7.33.0,CVE-2014-8151,4ce22c607be9066b321f3eb3c524a6fff251a1e2
7.33.0,CVE-2014-8150,178bd7db34f77e020fb8562890c5625ccbd67093
7.33.0,CVE-2014-3707,b3875606925536f82fc61f3114ac42f29eaf6945
7.33.0,CVE-2014-3620,a76825a5efa6b41d3a1d4f275dada2f017f6f566
7.33.0,CVE-2014-3613,8a75dbeb2305297640453029b7905ef51b87e8dd
7.33.0,CVE-2014-2522,63fc8ee7be2b712e7af5029f4f8a86a0dfd71b38
7.33.0,CVE-2014-1263,afc6e5004fabee590e41ffe750a237e1187fbbbd
7.33.0,CVE-2014-0139,5019c780958c3a8dbe64123aa90e6eaff1b84cfa
7.33.0,CVE-2014-0138,517b06d657aceb11a234b05cc891170c367ab80d
7.33.0,CVE-2014-0015,8ae35102c43d8d06572c3a1292eb6e27e663c78d
7.33.0,CVE-2013-6422,1dc43de0dccc2ea7da6dddb7b98f8d7dcf323914
7.32.0,CVE-2015-3153,69a2e8d7ec581695a62527cb2252e7350f314ffa
7.32.0,CVE-2015-3145,b5f947b8ac0e282c61c75b69cd5b9d37dafc6959
7.32.0,CVE-2015-3148,79b9d5f1a42578f807a6c94914bc65cbaa304b6d
7.32.0,CVE-2015-3143,31be461c6b659312100c47be6ddd5f0f569290f6
7.32.0,CVE-2014-8151,4ce22c607be9066b321f3eb3c524a6fff251a1e2
7.32.0,CVE-2014-8150,178bd7db34f77e020fb8562890c5625ccbd67093
7.32.0,CVE-2014-3707,b3875606925536f82fc61f3114ac42f29eaf6945
7.32.0,CVE-2014-3620,a76825a5efa6b41d3a1d4f275dada2f017f6f566
7.32.0,CVE-2014-3613,8a75dbeb2305297640453029b7905ef51b87e8dd
7.32.0,CVE-2014-2522,63fc8ee7be2b712e7af5029f4f8a86a0dfd71b38
7.32.0,CVE-2014-1263,afc6e5004fabee590e41ffe750a237e1187fbbbd
7.32.0,CVE-2014-0139,5019c780958c3a8dbe64123aa90e6eaff1b84cfa
7.32.0,CVE-2014-0138,517b06d657aceb11a234b05cc891170c367ab80d
7.32.0,CVE-2014-0015,8ae35102c43d8d06572c3a1292eb6e27e663c78d
7.32.0,CVE-2013-6422,1dc43de0dccc2ea7da6dddb7b98f8d7dcf323914
7.32.0,CVE-2013-4545,3c3622b66221d89509cffaa693fc7dcd5c5b96cf
7.31.0,CVE-2015-3153,69a2e8d7ec581695a62527cb2252e7350f314ffa
7.31.0,CVE-2015-3145,b5f947b8ac0e282c61c75b69cd5b9d37dafc6959
7.31.0,CVE-2015-3148,79b9d5f1a42578f807a6c94914bc65cbaa304b6d
7.31.0,CVE-2015-3143,31be461c6b659312100c47be6ddd5f0f569290f6
7.31.0,CVE-2014-8151,4ce22c607be9066b321f3eb3c524a6fff251a1e2
7.31.0,CVE-2014-8150,178bd7db34f77e020fb8562890c5625ccbd67093
7.31.0,CVE-2014-3707,b3875606925536f82fc61f3114ac42f29eaf6945
7.31.0,CVE-2014-3620,a76825a5efa6b41d3a1d4f275dada2f017f6f566
7.31.0,CVE-2014-3613,8a75dbeb2305297640453029b7905ef51b87e8dd
7.31.0,CVE-2014-2522,63fc8ee7be2b712e7af5029f4f8a86a0dfd71b38
7.31.0,CVE-2014-1263,afc6e5004fabee590e41ffe750a237e1187fbbbd
7.31.0,CVE-2014-0139,5019c780958c3a8dbe64123aa90e6eaff1b84cfa
7.31.0,CVE-2014-0138,517b06d657aceb11a234b05cc891170c367ab80d
7.31.0,CVE-2014-0015,8ae35102c43d8d06572c3a1292eb6e27e663c78d
7.31.0,CVE-2013-6422,1dc43de0dccc2ea7da6dddb7b98f8d7dcf323914
7.31.0,CVE-2013-4545,3c3622b66221d89509cffaa693fc7dcd5c5b96cf
7.30.0,CVE-2015-3153,69a2e8d7ec581695a62527cb2252e7350f314ffa
7.30.0,CVE-2015-3148,79b9d5f1a42578f807a6c94914bc65cbaa304b6d
7.30.0,CVE-2015-3143,31be461c6b659312100c47be6ddd5f0f569290f6
7.30.0,CVE-2014-8150,178bd7db34f77e020fb8562890c5625ccbd67093
7.30.0,CVE-2014-3707,b3875606925536f82fc61f3114ac42f29eaf6945
7.30.0,CVE-2014-3613,8a75dbeb2305297640453029b7905ef51b87e8dd
7.30.0,CVE-2014-2522,63fc8ee7be2b712e7af5029f4f8a86a0dfd71b38
7.30.0,CVE-2014-1263,afc6e5004fabee590e41ffe750a237e1187fbbbd
7.30.0,CVE-2014-0139,5019c780958c3a8dbe64123aa90e6eaff1b84cfa
7.30.0,CVE-2014-0138,517b06d657aceb11a234b05cc891170c367ab80d
7.30.0,CVE-2014-0015,8ae35102c43d8d06572c3a1292eb6e27e663c78d
7.30.0,CVE-2013-6422,1dc43de0dccc2ea7da6dddb7b98f8d7dcf323914
7.30.0,CVE-2013-4545,3c3622b66221d89509cffaa693fc7dcd5c5b96cf
7.30.0,CVE-2013-2174,192c4f788d48f82c03e9cef40013f34370e90737
7.29.0,CVE-2015-3153,69a2e8d7ec581695a62527cb2252e7350f314ffa
7.29.0,CVE-2015-3148,79b9d5f1a42578f807a6c94914bc65cbaa304b6d
7.29.0,CVE-2015-3143,31be461c6b659312100c47be6ddd5f0f569290f6
7.29.0,CVE-2014-8150,178bd7db34f77e020fb8562890c5625ccbd67093
7.29.0,CVE-2014-3707,b3875606925536f82fc61f3114ac42f29eaf6945
7.29.0,CVE-2014-3613,8a75dbeb2305297640453029b7905ef51b87e8dd
7.29.0,CVE-2014-2522,63fc8ee7be2b712e7af5029f4f8a86a0dfd71b38
7.29.0,CVE-2014-1263,afc6e5004fabee590e41ffe750a237e1187fbbbd
7.29.0,CVE-2014-0139,5019c780958c3a8dbe64123aa90e6eaff1b84cfa
7.29.0,CVE-2014-0138,517b06d657aceb11a234b05cc891170c367ab80d
7.29.0,CVE-2014-0015,8ae35102c43d8d06572c3a1292eb6e27e663c78d
7.29.0,CVE-2013-6422,1dc43de0dccc2ea7da6dddb7b98f8d7dcf323914
7.29.0,CVE-2013-4545,3c3622b66221d89509cffaa693fc7dcd5c5b96cf
7.29.0,CVE-2013-2174,192c4f788d48f82c03e9cef40013f34370e90737
7.29.0,CVE-2013-1944,2eb8dcf26cb37f09cffe26909a646e702dbcab66
7.28.1,CVE-2015-3153,69a2e8d7ec581695a62527cb2252e7350f314ffa
7.28.1,CVE-2015-3148,79b9d5f1a42578f807a6c94914bc65cbaa304b6d
7.28.1,CVE-2015-3143,31be461c6b659312100c47be6ddd5f0f569290f6
7.28.1,CVE-2014-8150,178bd7db34f77e020fb8562890c5625ccbd67093
7.28.1,CVE-2014-3707,b3875606925536f82fc61f3114ac42f29eaf6945
7.28.1,CVE-2014-3613,8a75dbeb2305297640453029b7905ef51b87e8dd
7.28.1,CVE-2014-2522,63fc8ee7be2b712e7af5029f4f8a86a0dfd71b38
7.28.1,CVE-2014-1263,afc6e5004fabee590e41ffe750a237e1187fbbbd
7.28.1,CVE-2014-0139,5019c780958c3a8dbe64123aa90e6eaff1b84cfa
7.28.1,CVE-2014-0138,517b06d657aceb11a234b05cc891170c367ab80d
7.28.1,CVE-2014-0015,8ae35102c43d8d06572c3a1292eb6e27e663c78d
7.28.1,CVE-2013-6422,1dc43de0dccc2ea7da6dddb7b98f8d7dcf323914
7.28.1,CVE-2013-4545,3c3622b66221d89509cffaa693fc7dcd5c5b96cf
7.28.1,CVE-2013-2174,192c4f788d48f82c03e9cef40013f34370e90737
7.28.1,CVE-2013-1944,2eb8dcf26cb37f09cffe26909a646e702dbcab66
7.28.1,CVE-2013-0249,f206d6c055d1008f0edb6d5d5920f0f300b9983a
7.28.0,CVE-2015-3153,69a2e8d7ec581695a62527cb2252e7350f314ffa
7.28.0,CVE-2015-3148,79b9d5f1a42578f807a6c94914bc65cbaa304b6d
7.28.0,CVE-2015-3143,31be461c6b659312100c47be6ddd5f0f569290f6
7.28.0,CVE-2014-8150,178bd7db34f77e020fb8562890c5625ccbd67093
7.28.0,CVE-2014-3707,b3875606925536f82fc61f3114ac42f29eaf6945
7.28.0,CVE-2014-3613,8a75dbeb2305297640453029b7905ef51b87e8dd
7.28.0,CVE-2014-2522,63fc8ee7be2b712e7af5029f4f8a86a0dfd71b38
7.28.0,CVE-2014-1263,afc6e5004fabee590e41ffe750a237e1187fbbbd
7.28.0,CVE-2014-0139,5019c780958c3a8dbe64123aa90e6eaff1b84cfa
7.28.0,CVE-2014-0138,517b06d657aceb11a234b05cc891170c367ab80d
7.28.0,CVE-2014-0015,8ae35102c43d8d06572c3a1292eb6e27e663c78d
7.28.0,CVE-2013-6422,1dc43de0dccc2ea7da6dddb7b98f8d7dcf323914
7.28.0,CVE-2013-4545,3c3622b66221d89509cffaa693fc7dcd5c5b96cf
7.28.0,CVE-2013-2174,192c4f788d48f82c03e9cef40013f34370e90737
7.28.0,CVE-2013-1944,2eb8dcf26cb37f09cffe26909a646e702dbcab66
7.28.0,CVE-2013-0249,f206d6c055d1008f0edb6d5d5920f0f300b9983a
7.27.0,CVE-2015-3153,69a2e8d7ec581695a62527cb2252e7350f314ffa
7.27.0,CVE-2015-3148,79b9d5f1a42578f807a6c94914bc65cbaa304b6d
7.27.0,CVE-2015-3143,31be461c6b659312100c47be6ddd5f0f569290f6
7.27.0,CVE-2014-8150,178bd7db34f77e020fb8562890c5625ccbd67093
7.27.0,CVE-2014-3707,b3875606925536f82fc61f3114ac42f29eaf6945
7.27.0,CVE-2014-3613,8a75dbeb2305297640453029b7905ef51b87e8dd
7.27.0,CVE-2014-2522,63fc8ee7be2b712e7af5029f4f8a86a0dfd71b38
7.27.0,CVE-2014-1263,afc6e5004fabee590e41ffe750a237e1187fbbbd
7.27.0,CVE-2014-0139,5019c780958c3a8dbe64123aa90e6eaff1b84cfa
7.27.0,CVE-2014-0138,517b06d657aceb11a234b05cc891170c367ab80d
7.27.0,CVE-2014-0015,8ae35102c43d8d06572c3a1292eb6e27e663c78d
7.27.0,CVE-2013-6422,1dc43de0dccc2ea7da6dddb7b98f8d7dcf323914
7.27.0,CVE-2013-4545,3c3622b66221d89509cffaa693fc7dcd5c5b96cf
7.27.0,CVE-2013-2174,192c4f788d48f82c03e9cef40013f34370e90737
7.27.0,CVE-2013-1944,2eb8dcf26cb37f09cffe26909a646e702dbcab66
7.27.0,CVE-2013-0249,f206d6c055d1008f0edb6d5d5920f0f300b9983a
7.26.0,CVE-2015-3153,69a2e8d7ec581695a62527cb2252e7350f314ffa
7.26.0,CVE-2015-3148,79b9d5f1a42578f807a6c94914bc65cbaa304b6d
7.26.0,CVE-2015-3143,31be461c6b659312100c47be6ddd5f0f569290f6
7.26.0,CVE-2014-8150,178bd7db34f77e020fb8562890c5625ccbd67093
7.26.0,CVE-2014-3707,b3875606925536f82fc61f3114ac42f29eaf6945
7.26.0,CVE-2014-3613,8a75dbeb2305297640453029b7905ef51b87e8dd
7.26.0,CVE-2014-2522,63fc8ee7be2b712e7af5029f4f8a86a0dfd71b38
7.26.0,CVE-2014-1263,afc6e5004fabee590e41ffe750a237e1187fbbbd
7.26.0,CVE-2014-0139,5019c780958c3a8dbe64123aa90e6eaff1b84cfa
7.26.0,CVE-2014-0138,517b06d657aceb11a234b05cc891170c367ab80d
7.26.0,CVE-2014-0015,8ae35102c43d8d06572c3a1292eb6e27e663c78d
7.26.0,CVE-2013-6422,1dc43de0dccc2ea7da6dddb7b98f8d7dcf323914
7.26.0,CVE-2013-4545,3c3622b66221d89509cffaa693fc7dcd5c5b96cf
7.26.0,CVE-2013-2174,192c4f788d48f82c03e9cef40013f34370e90737
7.26.0,CVE-2013-1944,2eb8dcf26cb37f09cffe26909a646e702dbcab66
7.26.0,CVE-2013-0249,f206d6c055d1008f0edb6d5d5920f0f300b9983a
7.25.0,CVE-2015-3153,69a2e8d7ec581695a62527cb2252e7350f314ffa
7.25.0,CVE-2015-3148,79b9d5f1a42578f807a6c94914bc65cbaa304b6d
7.25.0,CVE-2015-3143,31be461c6b659312100c47be6ddd5f0f569290f6
7.25.0,CVE-2014-8150,178bd7db34f77e020fb8562890c5625ccbd67093
7.25.0,CVE-2014-3707,b3875606925536f82fc61f3114ac42f29eaf6945
7.25.0,CVE-2014-3613,8a75dbeb2305297640453029b7905ef51b87e8dd
7.25.0,CVE-2014-0139,5019c780958c3a8dbe64123aa90e6eaff1b84cfa
7.25.0,CVE-2014-0138,517b06d657aceb11a234b05cc891170c367ab80d
7.25.0,CVE-2014-0015,8ae35102c43d8d06572c3a1292eb6e27e663c78d
7.25.0,CVE-2013-6422,1dc43de0dccc2ea7da6dddb7b98f8d7dcf323914
7.25.0,CVE-2013-4545,3c3622b66221d89509cffaa693fc7dcd5c5b96cf
7.25.0,CVE-2013-2174,192c4f788d48f82c03e9cef40013f34370e90737
7.25.0,CVE-2013-1944,2eb8dcf26cb37f09cffe26909a646e702dbcab66
7.24.0,CVE-2015-3153,69a2e8d7ec581695a62527cb2252e7350f314ffa
7.24.0,CVE-2015-3148,79b9d5f1a42578f807a6c94914bc65cbaa304b6d
7.24.0,CVE-2015-3143,31be461c6b659312100c47be6ddd5f0f569290f6
7.24.0,CVE-2014-8150,178bd7db34f77e020fb8562890c5625ccbd67093
7.24.0,CVE-2014-3707,b3875606925536f82fc61f3114ac42f29eaf6945
7.24.0,CVE-2014-3613,8a75dbeb2305297640453029b7905ef51b87e8dd
7.24.0,CVE-2014-0139,5019c780958c3a8dbe64123aa90e6eaff1b84cfa
7.24.0,CVE-2014-0138,517b06d657aceb11a234b05cc891170c367ab80d
7.24.0,CVE-2014-0015,8ae35102c43d8d06572c3a1292eb6e27e663c78d
7.24.0,CVE-2013-6422,1dc43de0dccc2ea7da6dddb7b98f8d7dcf323914
7.24.0,CVE-2013-4545,3c3622b66221d89509cffaa693fc7dcd5c5b96cf
7.24.0,CVE-2013-2174,192c4f788d48f82c03e9cef40013f34370e90737
7.24.0,CVE-2013-1944,2eb8dcf26cb37f09cffe26909a646e702dbcab66
7.23.1,CVE-2015-3153,69a2e8d7ec581695a62527cb2252e7350f314ffa
7.23.1,CVE-2015-3148,79b9d5f1a42578f807a6c94914bc65cbaa304b6d
7.23.1,CVE-2015-3143,31be461c6b659312100c47be6ddd5f0f569290f6
7.23.1,CVE-2014-8150,178bd7db34f77e020fb8562890c5625ccbd67093
7.23.1,CVE-2014-3707,b3875606925536f82fc61f3114ac42f29eaf6945
7.23.1,CVE-2014-3613,8a75dbeb2305297640453029b7905ef51b87e8dd
7.23.1,CVE-2014-0139,5019c780958c3a8dbe64123aa90e6eaff1b84cfa
7.23.1,CVE-2014-0138,517b06d657aceb11a234b05cc891170c367ab80d
7.23.1,CVE-2014-0015,8ae35102c43d8d06572c3a1292eb6e27e663c78d
7.23.1,CVE-2013-6422,1dc43de0dccc2ea7da6dddb7b98f8d7dcf323914
7.23.1,CVE-2013-4545,3c3622b66221d89509cffaa693fc7dcd5c5b96cf
7.23.1,CVE-2013-2174,192c4f788d48f82c03e9cef40013f34370e90737
7.23.1,CVE-2013-1944,2eb8dcf26cb37f09cffe26909a646e702dbcab66
7.23.1,CVE-2011-3389,db1a856b4f7cf6ae334fb0656b26a18eea317000
7.23.1,CVE-2012-0036,75ca568fa1c19de4c5358fed246686de8467c238
7.23.0,CVE-2015-3153,69a2e8d7ec581695a62527cb2252e7350f314ffa
7.23.0,CVE-2015-3148,79b9d5f1a42578f807a6c94914bc65cbaa304b6d
7.23.0,CVE-2015-3143,31be461c6b659312100c47be6ddd5f0f569290f6
7.23.0,CVE-2014-8150,178bd7db34f77e020fb8562890c5625ccbd67093
7.23.0,CVE-2014-3707,b3875606925536f82fc61f3114ac42f29eaf6945
7.23.0,CVE-2014-3613,8a75dbeb2305297640453029b7905ef51b87e8dd
7.23.0,CVE-2014-0139,5019c780958c3a8dbe64123aa90e6eaff1b84cfa
7.23.0,CVE-2014-0138,517b06d657aceb11a234b05cc891170c367ab80d
7.23.0,CVE-2014-0015,8ae35102c43d8d06572c3a1292eb6e27e663c78d
7.23.0,CVE-2013-6422,1dc43de0dccc2ea7da6dddb7b98f8d7dcf323914
7.23.0,CVE-2013-4545,3c3622b66221d89509cffaa693fc7dcd5c5b96cf
7.23.0,CVE-2013-2174,192c4f788d48f82c03e9cef40013f34370e90737
7.23.0,CVE-2013-1944,2eb8dcf26cb37f09cffe26909a646e702dbcab66
7.23.0,CVE-2011-3389,db1a856b4f7cf6ae334fb0656b26a18eea317000
7.23.0,CVE-2012-0036,75ca568fa1c19de4c5358fed246686de8467c238
7.22.0,CVE-2015-3153,69a2e8d7ec581695a62527cb2252e7350f314ffa
7.22.0,CVE-2015-3148,79b9d5f1a42578f807a6c94914bc65cbaa304b6d
7.22.0,CVE-2015-3143,31be461c6b659312100c47be6ddd5f0f569290f6
7.22.0,CVE-2014-8150,178bd7db34f77e020fb8562890c5625ccbd67093
7.22.0,CVE-2014-3707,b3875606925536f82fc61f3114ac42f29eaf6945
7.22.0,CVE-2014-3613,8a75dbeb2305297640453029b7905ef51b87e8dd
7.22.0,CVE-2014-0139,5019c780958c3a8dbe64123aa90e6eaff1b84cfa
7.22.0,CVE-2014-0138,517b06d657aceb11a234b05cc891170c367ab80d
7.22.0,CVE-2014-0015,8ae35102c43d8d06572c3a1292eb6e27e663c78d
7.22.0,CVE-2013-6422,1dc43de0dccc2ea7da6dddb7b98f8d7dcf323914
7.22.0,CVE-2013-4545,3c3622b66221d89509cffaa693fc7dcd5c5b96cf
7.22.0,CVE-2013-2174,192c4f788d48f82c03e9cef40013f34370e90737
7.22.0,CVE-2013-1944,2eb8dcf26cb37f09cffe26909a646e702dbcab66
7.22.0,CVE-2011-3389,db1a856b4f7cf6ae334fb0656b26a18eea317000
7.22.0,CVE-2012-0036,75ca568fa1c19de4c5358fed246686de8467c238
7.21.7,CVE-2015-3153,69a2e8d7ec581695a62527cb2252e7350f314ffa
7.21.7,CVE-2015-3148,79b9d5f1a42578f807a6c94914bc65cbaa304b6d
7.21.7,CVE-2015-3143,31be461c6b659312100c47be6ddd5f0f569290f6
7.21.7,CVE-2014-8150,178bd7db34f77e020fb8562890c5625ccbd67093
7.21.7,CVE-2014-3707,b3875606925536f82fc61f3114ac42f29eaf6945
7.21.7,CVE-2014-3613,8a75dbeb2305297640453029b7905ef51b87e8dd
7.21.7,CVE-2014-0139,5019c780958c3a8dbe64123aa90e6eaff1b84cfa
7.21.7,CVE-2014-0138,517b06d657aceb11a234b05cc891170c367ab80d
7.21.7,CVE-2014-0015,8ae35102c43d8d06572c3a1292eb6e27e663c78d
7.21.7,CVE-2013-6422,1dc43de0dccc2ea7da6dddb7b98f8d7dcf323914
7.21.7,CVE-2013-4545,3c3622b66221d89509cffaa693fc7dcd5c5b96cf
7.21.7,CVE-2013-2174,192c4f788d48f82c03e9cef40013f34370e90737
7.21.7,CVE-2013-1944,2eb8dcf26cb37f09cffe26909a646e702dbcab66
7.21.7,CVE-2011-3389,db1a856b4f7cf6ae334fb0656b26a18eea317000
7.21.7,CVE-2012-0036,75ca568fa1c19de4c5358fed246686de8467c238
7.21.6,CVE-2015-3153,69a2e8d7ec581695a62527cb2252e7350f314ffa
7.21.6,CVE-2015-3148,79b9d5f1a42578f807a6c94914bc65cbaa304b6d
7.21.6,CVE-2015-3143,31be461c6b659312100c47be6ddd5f0f569290f6
7.21.6,CVE-2014-8150,178bd7db34f77e020fb8562890c5625ccbd67093
7.21.6,CVE-2014-3707,b3875606925536f82fc61f3114ac42f29eaf6945
7.21.6,CVE-2014-3613,8a75dbeb2305297640453029b7905ef51b87e8dd
7.21.6,CVE-2014-0139,5019c780958c3a8dbe64123aa90e6eaff1b84cfa
7.21.6,CVE-2014-0138,517b06d657aceb11a234b05cc891170c367ab80d
7.21.6,CVE-2014-0015,8ae35102c43d8d06572c3a1292eb6e27e663c78d
7.21.6,CVE-2013-6422,1dc43de0dccc2ea7da6dddb7b98f8d7dcf323914
7.21.6,CVE-2013-4545,3c3622b66221d89509cffaa693fc7dcd5c5b96cf
7.21.6,CVE-2013-2174,192c4f788d48f82c03e9cef40013f34370e90737
7.21.6,CVE-2013-1944,2eb8dcf26cb37f09cffe26909a646e702dbcab66
7.21.6,CVE-2011-3389,db1a856b4f7cf6ae334fb0656b26a18eea317000
7.21.6,CVE-2012-0036,75ca568fa1c19de4c5358fed246686de8467c238
7.21.6,CVE-2011-2192,5c314c6bb449bfca06c1cdc383c84e7661faf42c
7.21.5,CVE-2015-3153,69a2e8d7ec581695a62527cb2252e7350f314ffa
7.21.5,CVE-2015-3148,79b9d5f1a42578f807a6c94914bc65cbaa304b6d
7.21.5,CVE-2015-3143,31be461c6b659312100c47be6ddd5f0f569290f6
7.21.5,CVE-2014-8150,178bd7db34f77e020fb8562890c5625ccbd67093
7.21.5,CVE-2014-3707,b3875606925536f82fc61f3114ac42f29eaf6945
7.21.5,CVE-2014-3613,8a75dbeb2305297640453029b7905ef51b87e8dd
7.21.5,CVE-2014-0139,5019c780958c3a8dbe64123aa90e6eaff1b84cfa
7.21.5,CVE-2014-0138,517b06d657aceb11a234b05cc891170c367ab80d
7.21.5,CVE-2014-0015,8ae35102c43d8d06572c3a1292eb6e27e663c78d
7.21.5,CVE-2013-6422,1dc43de0dccc2ea7da6dddb7b98f8d7dcf323914
7.21.5,CVE-2013-4545,3c3622b66221d89509cffaa693fc7dcd5c5b96cf
7.21.5,CVE-2013-2174,192c4f788d48f82c03e9cef40013f34370e90737
7.21.5,CVE-2013-1944,2eb8dcf26cb37f09cffe26909a646e702dbcab66
7.21.5,CVE-2011-3389,db1a856b4f7cf6ae334fb0656b26a18eea317000
7.21.5,CVE-2012-0036,75ca568fa1c19de4c5358fed246686de8467c238
7.21.5,CVE-2011-2192,5c314c6bb449bfca06c1cdc383c84e7661faf42c
7.21.4,CVE-2015-3153,69a2e8d7ec581695a62527cb2252e7350f314ffa
7.21.4,CVE-2015-3148,79b9d5f1a42578f807a6c94914bc65cbaa304b6d
7.21.4,CVE-2015-3143,31be461c6b659312100c47be6ddd5f0f569290f6
7.21.4,CVE-2014-8150,178bd7db34f77e020fb8562890c5625ccbd67093
7.21.4,CVE-2014-3707,b3875606925536f82fc61f3114ac42f29eaf6945
7.21.4,CVE-2014-3613,8a75dbeb2305297640453029b7905ef51b87e8dd
7.21.4,CVE-2014-0139,5019c780958c3a8dbe64123aa90e6eaff1b84cfa
7.21.4,CVE-2014-0138,517b06d657aceb11a234b05cc891170c367ab80d
7.21.4,CVE-2014-0015,8ae35102c43d8d06572c3a1292eb6e27e663c78d
7.21.4,CVE-2013-6422,1dc43de0dccc2ea7da6dddb7b98f8d7dcf323914
7.21.4,CVE-2013-4545,3c3622b66221d89509cffaa693fc7dcd5c5b96cf
7.21.4,CVE-2013-2174,192c4f788d48f82c03e9cef40013f34370e90737
7.21.4,CVE-2013-1944,2eb8dcf26cb37f09cffe26909a646e702dbcab66
7.21.4,CVE-2011-3389,db1a856b4f7cf6ae334fb0656b26a18eea317000
7.21.4,CVE-2012-0036,75ca568fa1c19de4c5358fed246686de8467c238
7.21.4,CVE-2011-2192,5c314c6bb449bfca06c1cdc383c84e7661faf42c
7.21.3,CVE-2015-3153,69a2e8d7ec581695a62527cb2252e7350f314ffa
7.21.3,CVE-2015-3148,79b9d5f1a42578f807a6c94914bc65cbaa304b6d
7.21.3,CVE-2015-3143,31be461c6b659312100c47be6ddd5f0f569290f6
7.21.3,CVE-2014-8150,178bd7db34f77e020fb8562890c5625ccbd67093
7.21.3,CVE-2014-3707,b3875606925536f82fc61f3114ac42f29eaf6945
7.21.3,CVE-2014-3613,8a75dbeb2305297640453029b7905ef51b87e8dd
7.21.3,CVE-2014-0139,5019c780958c3a8dbe64123aa90e6eaff1b84cfa
7.21.3,CVE-2014-0138,517b06d657aceb11a234b05cc891170c367ab80d
7.21.3,CVE-2014-0015,8ae35102c43d8d06572c3a1292eb6e27e663c78d
7.21.3,CVE-2013-4545,3c3622b66221d89509cffaa693fc7dcd5c5b96cf
7.21.3,CVE-2013-2174,192c4f788d48f82c03e9cef40013f34370e90737
7.21.3,CVE-2013-1944,2eb8dcf26cb37f09cffe26909a646e702dbcab66
7.21.3,CVE-2011-3389,db1a856b4f7cf6ae334fb0656b26a18eea317000
7.21.3,CVE-2012-0036,75ca568fa1c19de4c5358fed246686de8467c238
7.21.3,CVE-2011-2192,5c314c6bb449bfca06c1cdc383c84e7661faf42c
7.21.2,CVE-2015-3153,69a2e8d7ec581695a62527cb2252e7350f314ffa
7.21.2,CVE-2015-3148,79b9d5f1a42578f807a6c94914bc65cbaa304b6d
7.21.2,CVE-2015-3143,31be461c6b659312100c47be6ddd5f0f569290f6
7.21.2,CVE-2014-8150,178bd7db34f77e020fb8562890c5625ccbd67093
7.21.2,CVE-2014-3707,b3875606925536f82fc61f3114ac42f29eaf6945
7.21.2,CVE-2014-3613,8a75dbeb2305297640453029b7905ef51b87e8dd
7.21.2,CVE-2014-0139,5019c780958c3a8dbe64123aa90e6eaff1b84cfa
7.21.2,CVE-2014-0138,517b06d657aceb11a234b05cc891170c367ab80d
7.21.2,CVE-2014-0015,8ae35102c43d8d06572c3a1292eb6e27e663c78d
7.21.2,CVE-2013-4545,3c3622b66221d89509cffaa693fc7dcd5c5b96cf
7.21.2,CVE-2013-2174,192c4f788d48f82c03e9cef40013f34370e90737
7.21.2,CVE-2013-1944,2eb8dcf26cb37f09cffe26909a646e702dbcab66
7.21.2,CVE-2011-3389,db1a856b4f7cf6ae334fb0656b26a18eea317000
7.21.2,CVE-2012-0036,75ca568fa1c19de4c5358fed246686de8467c238
7.21.2,CVE-2011-2192,5c314c6bb449bfca06c1cdc383c84e7661faf42c
7.21.1,CVE-2015-3153,69a2e8d7ec581695a62527cb2252e7350f314ffa
7.21.1,CVE-2015-3148,79b9d5f1a42578f807a6c94914bc65cbaa304b6d
7.21.1,CVE-2015-3143,31be461c6b659312100c47be6ddd5f0f569290f6
7.21.1,CVE-2014-8150,178bd7db34f77e020fb8562890c5625ccbd67093
7.21.1,CVE-2014-3707,b3875606925536f82fc61f3114ac42f29eaf6945
7.21.1,CVE-2014-3613,8a75dbeb2305297640453029b7905ef51b87e8dd
7.21.1,CVE-2014-0139,5019c780958c3a8dbe64123aa90e6eaff1b84cfa
7.21.1,CVE-2014-0138,517b06d657aceb11a234b05cc891170c367ab80d
7.21.1,CVE-2014-0015,8ae35102c43d8d06572c3a1292eb6e27e663c78d
7.21.1,CVE-2013-4545,3c3622b66221d89509cffaa693fc7dcd5c5b96cf
7.21.1,CVE-2013-2174,192c4f788d48f82c03e9cef40013f34370e90737
7.21.1,CVE-2013-1944,2eb8dcf26cb37f09cffe26909a646e702dbcab66
7.21.1,CVE-2011-3389,db1a856b4f7cf6ae334fb0656b26a18eea317000
7.21.1,CVE-2012-0036,75ca568fa1c19de4c5358fed246686de8467c238
7.21.1,CVE-2011-2192,5c314c6bb449bfca06c1cdc383c84e7661faf42c
7.21.1,CVE-2010-3842,81f151c912105ded480c3c88a1be53ca345298a1
7.21.0,CVE-2015-3153,69a2e8d7ec581695a62527cb2252e7350f314ffa
7.21.0,CVE-2015-3148,79b9d5f1a42578f807a6c94914bc65cbaa304b6d
7.21.0,CVE-2015-3143,31be461c6b659312100c47be6ddd5f0f569290f6
7.21.0,CVE-2014-8150,178bd7db34f77e020fb8562890c5625ccbd67093
7.21.0,CVE-2014-3707,b3875606925536f82fc61f3114ac42f29eaf6945
7.21.0,CVE-2014-3613,8a75dbeb2305297640453029b7905ef51b87e8dd
7.21.0,CVE-2014-0139,5019c780958c3a8dbe64123aa90e6eaff1b84cfa
7.21.0,CVE-2014-0138,517b06d657aceb11a234b05cc891170c367ab80d
7.21.0,CVE-2014-0015,8ae35102c43d8d06572c3a1292eb6e27e663c78d
7.21.0,CVE-2013-4545,3c3622b66221d89509cffaa693fc7dcd5c5b96cf
7.21.0,CVE-2013-2174,192c4f788d48f82c03e9cef40013f34370e90737
7.21.0,CVE-2013-1944,2eb8dcf26cb37f09cffe26909a646e702dbcab66
7.21.0,CVE-2011-3389,db1a856b4f7cf6ae334fb0656b26a18eea317000
7.21.0,CVE-2012-0036,75ca568fa1c19de4c5358fed246686de8467c238
7.21.0,CVE-2011-2192,5c314c6bb449bfca06c1cdc383c84e7661faf42c
7.21.0,CVE-2010-3842,81f151c912105ded480c3c88a1be53ca345298a1
7.20.1,CVE-2015-3153,69a2e8d7ec581695a62527cb2252e7350f314ffa
7.20.1,CVE-2015-3148,79b9d5f1a42578f807a6c94914bc65cbaa304b6d
7.20.1,CVE-2015-3143,31be461c6b659312100c47be6ddd5f0f569290f6
7.20.1,CVE-2014-8150,178bd7db34f77e020fb8562890c5625ccbd67093
7.20.1,CVE-2014-3707,b3875606925536f82fc61f3114ac42f29eaf6945
7.20.1,CVE-2014-3613,8a75dbeb2305297640453029b7905ef51b87e8dd
7.20.1,CVE-2014-0139,5019c780958c3a8dbe64123aa90e6eaff1b84cfa
7.20.1,CVE-2014-0138,517b06d657aceb11a234b05cc891170c367ab80d
7.20.1,CVE-2014-0015,8ae35102c43d8d06572c3a1292eb6e27e663c78d
7.20.1,CVE-2013-4545,3c3622b66221d89509cffaa693fc7dcd5c5b96cf
7.20.1,CVE-2013-2174,192c4f788d48f82c03e9cef40013f34370e90737
7.20.1,CVE-2013-1944,2eb8dcf26cb37f09cffe26909a646e702dbcab66
7.20.1,CVE-2011-3389,db1a856b4f7cf6ae334fb0656b26a18eea317000
7.20.1,CVE-2012-0036,75ca568fa1c19de4c5358fed246686de8467c238
7.20.1,CVE-2011-2192,5c314c6bb449bfca06c1cdc383c84e7661faf42c
7.20.1,CVE-2010-3842,81f151c912105ded480c3c88a1be53ca345298a1
7.20.0,CVE-2015-3153,69a2e8d7ec581695a62527cb2252e7350f314ffa
7.20.0,CVE-2015-3148,79b9d5f1a42578f807a6c94914bc65cbaa304b6d
7.20.0,CVE-2015-3143,31be461c6b659312100c47be6ddd5f0f569290f6
7.20.0,CVE-2014-8150,178bd7db34f77e020fb8562890c5625ccbd67093
7.20.0,CVE-2014-3707,b3875606925536f82fc61f3114ac42f29eaf6945
7.20.0,CVE-2014-3613,8a75dbeb2305297640453029b7905ef51b87e8dd
7.20.0,CVE-2014-0139,5019c780958c3a8dbe64123aa90e6eaff1b84cfa
7.20.0,CVE-2014-0138,517b06d657aceb11a234b05cc891170c367ab80d
7.20.0,CVE-2014-0015,8ae35102c43d8d06572c3a1292eb6e27e663c78d
7.20.0,CVE-2013-4545,3c3622b66221d89509cffaa693fc7dcd5c5b96cf
7.20.0,CVE-2013-2174,192c4f788d48f82c03e9cef40013f34370e90737
7.20.0,CVE-2013-1944,2eb8dcf26cb37f09cffe26909a646e702dbcab66
7.20.0,CVE-2011-3389,db1a856b4f7cf6ae334fb0656b26a18eea317000
7.20.0,CVE-2012-0036,75ca568fa1c19de4c5358fed246686de8467c238
7.20.0,CVE-2011-2192,5c314c6bb449bfca06c1cdc383c84e7661faf42c
7.20.0,CVE-2010-3842,81f151c912105ded480c3c88a1be53ca345298a1
7.19.7,CVE-2015-3153,69a2e8d7ec581695a62527cb2252e7350f314ffa
7.19.7,CVE-2015-3148,79b9d5f1a42578f807a6c94914bc65cbaa304b6d
7.19.7,CVE-2015-3143,31be461c6b659312100c47be6ddd5f0f569290f6
7.19.7,CVE-2014-8150,178bd7db34f77e020fb8562890c5625ccbd67093
7.19.7,CVE-2014-3707,b3875606925536f82fc61f3114ac42f29eaf6945
7.19.7,CVE-2014-3613,8a75dbeb2305297640453029b7905ef51b87e8dd
7.19.7,CVE-2014-0139,5019c780958c3a8dbe64123aa90e6eaff1b84cfa
7.19.7,CVE-2014-0138,517b06d657aceb11a234b05cc891170c367ab80d
7.19.7,CVE-2014-0015,8ae35102c43d8d06572c3a1292eb6e27e663c78d
7.19.7,CVE-2013-4545,3c3622b66221d89509cffaa693fc7dcd5c5b96cf
7.19.7,CVE-2013-2174,192c4f788d48f82c03e9cef40013f34370e90737
7.19.7,CVE-2013-1944,2eb8dcf26cb37f09cffe26909a646e702dbcab66
7.19.7,CVE-2011-3389,db1a856b4f7cf6ae334fb0656b26a18eea317000
7.19.7,CVE-2011-2192,5c314c6bb449bfca06c1cdc383c84e7661faf42c
7.19.7,CVE-2010-0734,06ae8ca5a6e452e5cb555c1a511a9df8dec6657c
7.19.6,CVE-2015-3153,69a2e8d7ec581695a62527cb2252e7350f314ffa
7.19.6,CVE-2015-3148,79b9d5f1a42578f807a6c94914bc65cbaa304b6d
7.19.6,CVE-2015-3143,31be461c6b659312100c47be6ddd5f0f569290f6
7.19.6,CVE-2014-8150,178bd7db34f77e020fb8562890c5625ccbd67093
7.19.6,CVE-2014-3707,b3875606925536f82fc61f3114ac42f29eaf6945
7.19.6,CVE-2014-3613,8a75dbeb2305297640453029b7905ef51b87e8dd
7.19.6,CVE-2014-0139,5019c780958c3a8dbe64123aa90e6eaff1b84cfa
7.19.6,CVE-2014-0138,517b06d657aceb11a234b05cc891170c367ab80d
7.19.6,CVE-2014-0015,8ae35102c43d8d06572c3a1292eb6e27e663c78d
7.19.6,CVE-2013-4545,3c3622b66221d89509cffaa693fc7dcd5c5b96cf
7.19.6,CVE-2013-2174,192c4f788d48f82c03e9cef40013f34370e90737
7.19.6,CVE-2013-1944,2eb8dcf26cb37f09cffe26909a646e702dbcab66
7.19.6,CVE-2011-3389,db1a856b4f7cf6ae334fb0656b26a18eea317000
7.19.6,CVE-2011-2192,5c314c6bb449bfca06c1cdc383c84e7661faf42c
7.19.6,CVE-2010-0734,06ae8ca5a6e452e5cb555c1a511a9df8dec6657c
7.19.5,CVE-2015-3153,69a2e8d7ec581695a62527cb2252e7350f314ffa
7.19.5,CVE-2015-3148,79b9d5f1a42578f807a6c94914bc65cbaa304b6d
7.19.5,CVE-2015-3143,31be461c6b659312100c47be6ddd5f0f569290f6
7.19.5,CVE-2014-8150,178bd7db34f77e020fb8562890c5625ccbd67093
7.19.5,CVE-2014-3707,b3875606925536f82fc61f3114ac42f29eaf6945
7.19.5,CVE-2014-3613,8a75dbeb2305297640453029b7905ef51b87e8dd
7.19.5,CVE-2014-0139,5019c780958c3a8dbe64123aa90e6eaff1b84cfa
7.19.5,CVE-2014-0138,517b06d657aceb11a234b05cc891170c367ab80d
7.19.5,CVE-2014-0015,8ae35102c43d8d06572c3a1292eb6e27e663c78d
7.19.5,CVE-2013-4545,3c3622b66221d89509cffaa693fc7dcd5c5b96cf
7.19.5,CVE-2013-2174,192c4f788d48f82c03e9cef40013f34370e90737
7.19.5,CVE-2013-1944,2eb8dcf26cb37f09cffe26909a646e702dbcab66
7.19.5,CVE-2011-3389,db1a856b4f7cf6ae334fb0656b26a18eea317000
7.19.5,CVE-2011-2192,5c314c6bb449bfca06c1cdc383c84e7661faf42c
7.19.5,CVE-2010-0734,06ae8ca5a6e452e5cb555c1a511a9df8dec6657c
7.19.5,CVE-2009-2417,NA
7.19.4,CVE-2015-3153,69a2e8d7ec581695a62527cb2252e7350f314ffa
7.19.4,CVE-2015-3148,79b9d5f1a42578f807a6c94914bc65cbaa304b6d
7.19.4,CVE-2015-3143,31be461c6b659312100c47be6ddd5f0f569290f6
7.19.4,CVE-2014-8150,178bd7db34f77e020fb8562890c5625ccbd67093
7.19.4,CVE-2014-3707,b3875606925536f82fc61f3114ac42f29eaf6945
7.19.4,CVE-2014-3613,8a75dbeb2305297640453029b7905ef51b87e8dd
7.19.4,CVE-2014-0139,5019c780958c3a8dbe64123aa90e6eaff1b84cfa
7.19.4,CVE-2014-0138,517b06d657aceb11a234b05cc891170c367ab80d
7.19.4,CVE-2014-0015,8ae35102c43d8d06572c3a1292eb6e27e663c78d
7.19.4,CVE-2013-4545,3c3622b66221d89509cffaa693fc7dcd5c5b96cf
7.19.4,CVE-2013-2174,192c4f788d48f82c03e9cef40013f34370e90737
7.19.4,CVE-2013-1944,2eb8dcf26cb37f09cffe26909a646e702dbcab66
7.19.4,CVE-2011-3389,db1a856b4f7cf6ae334fb0656b26a18eea317000
7.19.4,CVE-2011-2192,5c314c6bb449bfca06c1cdc383c84e7661faf42c
7.19.4,CVE-2010-0734,06ae8ca5a6e452e5cb555c1a511a9df8dec6657c
7.19.4,CVE-2009-2417,NA
7.19.3,CVE-2015-3153,69a2e8d7ec581695a62527cb2252e7350f314ffa
7.19.3,CVE-2015-3148,79b9d5f1a42578f807a6c94914bc65cbaa304b6d
7.19.3,CVE-2015-3143,31be461c6b659312100c47be6ddd5f0f569290f6
7.19.3,CVE-2014-8150,178bd7db34f77e020fb8562890c5625ccbd67093
7.19.3,CVE-2014-3707,b3875606925536f82fc61f3114ac42f29eaf6945
7.19.3,CVE-2014-3613,8a75dbeb2305297640453029b7905ef51b87e8dd
7.19.3,CVE-2014-0139,5019c780958c3a8dbe64123aa90e6eaff1b84cfa
7.19.3,CVE-2014-0138,517b06d657aceb11a234b05cc891170c367ab80d
7.19.3,CVE-2014-0015,8ae35102c43d8d06572c3a1292eb6e27e663c78d
7.19.3,CVE-2013-4545,3c3622b66221d89509cffaa693fc7dcd5c5b96cf
7.19.3,CVE-2013-2174,192c4f788d48f82c03e9cef40013f34370e90737
7.19.3,CVE-2013-1944,2eb8dcf26cb37f09cffe26909a646e702dbcab66
7.19.3,CVE-2011-3389,db1a856b4f7cf6ae334fb0656b26a18eea317000
7.19.3,CVE-2011-2192,5c314c6bb449bfca06c1cdc383c84e7661faf42c
7.19.3,CVE-2010-0734,06ae8ca5a6e452e5cb555c1a511a9df8dec6657c
7.19.3,CVE-2009-2417,NA
7.19.3,CVE-2009-0037,NA
7.19.2,CVE-2015-3153,69a2e8d7ec581695a62527cb2252e7350f314ffa
7.19.2,CVE-2015-3148,79b9d5f1a42578f807a6c94914bc65cbaa304b6d
7.19.2,CVE-2015-3143,31be461c6b659312100c47be6ddd5f0f569290f6
7.19.2,CVE-2014-8150,178bd7db34f77e020fb8562890c5625ccbd67093
7.19.2,CVE-2014-3707,b3875606925536f82fc61f3114ac42f29eaf6945
7.19.2,CVE-2014-3613,8a75dbeb2305297640453029b7905ef51b87e8dd
7.19.2,CVE-2014-0139,5019c780958c3a8dbe64123aa90e6eaff1b84cfa
7.19.2,CVE-2014-0138,517b06d657aceb11a234b05cc891170c367ab80d
7.19.2,CVE-2014-0015,8ae35102c43d8d06572c3a1292eb6e27e663c78d
7.19.2,CVE-2013-4545,3c3622b66221d89509cffaa693fc7dcd5c5b96cf
7.19.2,CVE-2013-2174,192c4f788d48f82c03e9cef40013f34370e90737
7.19.2,CVE-2013-1944,2eb8dcf26cb37f09cffe26909a646e702dbcab66
7.19.2,CVE-2011-3389,db1a856b4f7cf6ae334fb0656b26a18eea317000
7.19.2,CVE-2011-2192,5c314c6bb449bfca06c1cdc383c84e7661faf42c
7.19.2,CVE-2010-0734,06ae8ca5a6e452e5cb555c1a511a9df8dec6657c
7.19.2,CVE-2009-2417,NA
7.19.2,CVE-2009-0037,NA
7.19.1,CVE-2015-3153,69a2e8d7ec581695a62527cb2252e7350f314ffa
7.19.1,CVE-2015-3148,79b9d5f1a42578f807a6c94914bc65cbaa304b6d
7.19.1,CVE-2015-3143,31be461c6b659312100c47be6ddd5f0f569290f6
7.19.1,CVE-2014-8150,178bd7db34f77e020fb8562890c5625ccbd67093
7.19.1,CVE-2014-3707,b3875606925536f82fc61f3114ac42f29eaf6945
7.19.1,CVE-2014-3613,8a75dbeb2305297640453029b7905ef51b87e8dd
7.19.1,CVE-2014-0139,5019c780958c3a8dbe64123aa90e6eaff1b84cfa
7.19.1,CVE-2014-0138,517b06d657aceb11a234b05cc891170c367ab80d
7.19.1,CVE-2014-0015,8ae35102c43d8d06572c3a1292eb6e27e663c78d
7.19.1,CVE-2013-4545,3c3622b66221d89509cffaa693fc7dcd5c5b96cf
7.19.1,CVE-2013-2174,192c4f788d48f82c03e9cef40013f34370e90737
7.19.1,CVE-2013-1944,2eb8dcf26cb37f09cffe26909a646e702dbcab66
7.19.1,CVE-2011-3389,db1a856b4f7cf6ae334fb0656b26a18eea317000
7.19.1,CVE-2011-2192,5c314c6bb449bfca06c1cdc383c84e7661faf42c
7.19.1,CVE-2010-0734,06ae8ca5a6e452e5cb555c1a511a9df8dec6657c
7.19.1,CVE-2009-2417,NA
7.19.1,CVE-2009-0037,NA
7.19.0,CVE-2015-3153,69a2e8d7ec581695a62527cb2252e7350f314ffa
7.19.0,CVE-2015-3148,79b9d5f1a42578f807a6c94914bc65cbaa304b6d
7.19.0,CVE-2015-3143,31be461c6b659312100c47be6ddd5f0f569290f6
7.19.0,CVE-2014-8150,178bd7db34f77e020fb8562890c5625ccbd67093
7.19.0,CVE-2014-3707,b3875606925536f82fc61f3114ac42f29eaf6945
7.19.0,CVE-2014-3613,8a75dbeb2305297640453029b7905ef51b87e8dd
7.19.0,CVE-2014-0139,5019c780958c3a8dbe64123aa90e6eaff1b84cfa
7.19.0,CVE-2014-0138,517b06d657aceb11a234b05cc891170c367ab80d
7.19.0,CVE-2014-0015,8ae35102c43d8d06572c3a1292eb6e27e663c78d
7.19.0,CVE-2013-4545,3c3622b66221d89509cffaa693fc7dcd5c5b96cf
7.19.0,CVE-2013-2174,192c4f788d48f82c03e9cef40013f34370e90737
7.19.0,CVE-2013-1944,2eb8dcf26cb37f09cffe26909a646e702dbcab66
7.19.0,CVE-2011-3389,db1a856b4f7cf6ae334fb0656b26a18eea317000
7.19.0,CVE-2011-2192,5c314c6bb449bfca06c1cdc383c84e7661faf42c
7.19.0,CVE-2010-0734,06ae8ca5a6e452e5cb555c1a511a9df8dec6657c
7.19.0,CVE-2009-2417,NA
7.19.0,CVE-2009-0037,NA
7.18.2,CVE-2015-3153,69a2e8d7ec581695a62527cb2252e7350f314ffa
7.18.2,CVE-2015-3148,79b9d5f1a42578f807a6c94914bc65cbaa304b6d
7.18.2,CVE-2015-3143,31be461c6b659312100c47be6ddd5f0f569290f6
7.18.2,CVE-2014-8150,178bd7db34f77e020fb8562890c5625ccbd67093
7.18.2,CVE-2014-3707,b3875606925536f82fc61f3114ac42f29eaf6945
7.18.2,CVE-2014-3613,8a75dbeb2305297640453029b7905ef51b87e8dd
7.18.2,CVE-2014-0139,5019c780958c3a8dbe64123aa90e6eaff1b84cfa
7.18.2,CVE-2014-0138,517b06d657aceb11a234b05cc891170c367ab80d
7.18.2,CVE-2014-0015,8ae35102c43d8d06572c3a1292eb6e27e663c78d
7.18.2,CVE-2013-4545,3c3622b66221d89509cffaa693fc7dcd5c5b96cf
7.18.2,CVE-2013-2174,192c4f788d48f82c03e9cef40013f34370e90737
7.18.2,CVE-2013-1944,2eb8dcf26cb37f09cffe26909a646e702dbcab66
7.18.2,CVE-2011-3389,db1a856b4f7cf6ae334fb0656b26a18eea317000
7.18.2,CVE-2011-2192,5c314c6bb449bfca06c1cdc383c84e7661faf42c
7.18.2,CVE-2010-0734,06ae8ca5a6e452e5cb555c1a511a9df8dec6657c
7.18.2,CVE-2009-2417,NA
7.18.2,CVE-2009-0037,NA
7.18.1,CVE-2015-3153,69a2e8d7ec581695a62527cb2252e7350f314ffa
7.18.1,CVE-2015-3148,79b9d5f1a42578f807a6c94914bc65cbaa304b6d
7.18.1,CVE-2015-3143,31be461c6b659312100c47be6ddd5f0f569290f6
7.18.1,CVE-2014-8150,178bd7db34f77e020fb8562890c5625ccbd67093
7.18.1,CVE-2014-3707,b3875606925536f82fc61f3114ac42f29eaf6945
7.18.1,CVE-2014-3613,8a75dbeb2305297640453029b7905ef51b87e8dd
7.18.1,CVE-2014-0139,5019c780958c3a8dbe64123aa90e6eaff1b84cfa
7.18.1,CVE-2014-0138,517b06d657aceb11a234b05cc891170c367ab80d
7.18.1,CVE-2014-0015,8ae35102c43d8d06572c3a1292eb6e27e663c78d
7.18.1,CVE-2013-4545,3c3622b66221d89509cffaa693fc7dcd5c5b96cf
7.18.1,CVE-2013-2174,192c4f788d48f82c03e9cef40013f34370e90737
7.18.1,CVE-2013-1944,2eb8dcf26cb37f09cffe26909a646e702dbcab66
7.18.1,CVE-2011-3389,db1a856b4f7cf6ae334fb0656b26a18eea317000
7.18.1,CVE-2011-2192,5c314c6bb449bfca06c1cdc383c84e7661faf42c
7.18.1,CVE-2010-0734,06ae8ca5a6e452e5cb555c1a511a9df8dec6657c
7.18.1,CVE-2009-2417,NA
7.18.1,CVE-2009-0037,NA
7.18.0,CVE-2015-3153,69a2e8d7ec581695a62527cb2252e7350f314ffa
7.18.0,CVE-2015-3148,79b9d5f1a42578f807a6c94914bc65cbaa304b6d
7.18.0,CVE-2015-3143,31be461c6b659312100c47be6ddd5f0f569290f6
7.18.0,CVE-2014-8150,178bd7db34f77e020fb8562890c5625ccbd67093
7.18.0,CVE-2014-3707,b3875606925536f82fc61f3114ac42f29eaf6945
7.18.0,CVE-2014-3613,8a75dbeb2305297640453029b7905ef51b87e8dd
7.18.0,CVE-2014-0139,5019c780958c3a8dbe64123aa90e6eaff1b84cfa
7.18.0,CVE-2014-0138,517b06d657aceb11a234b05cc891170c367ab80d
7.18.0,CVE-2014-0015,8ae35102c43d8d06572c3a1292eb6e27e663c78d
7.18.0,CVE-2013-4545,3c3622b66221d89509cffaa693fc7dcd5c5b96cf
7.18.0,CVE-2013-2174,192c4f788d48f82c03e9cef40013f34370e90737
7.18.0,CVE-2013-1944,2eb8dcf26cb37f09cffe26909a646e702dbcab66
7.18.0,CVE-2011-3389,db1a856b4f7cf6ae334fb0656b26a18eea317000
7.18.0,CVE-2011-2192,5c314c6bb449bfca06c1cdc383c84e7661faf42c
7.18.0,CVE-2010-0734,06ae8ca5a6e452e5cb555c1a511a9df8dec6657c
7.18.0,CVE-2009-2417,NA
7.18.0,CVE-2009-0037,NA
7.17.1,CVE-2015-3153,69a2e8d7ec581695a62527cb2252e7350f314ffa
7.17.1,CVE-2015-3148,79b9d5f1a42578f807a6c94914bc65cbaa304b6d
7.17.1,CVE-2015-3143,31be461c6b659312100c47be6ddd5f0f569290f6
7.17.1,CVE-2014-8150,178bd7db34f77e020fb8562890c5625ccbd67093
7.17.1,CVE-2014-3707,b3875606925536f82fc61f3114ac42f29eaf6945
7.17.1,CVE-2014-3613,8a75dbeb2305297640453029b7905ef51b87e8dd
7.17.1,CVE-2014-0139,5019c780958c3a8dbe64123aa90e6eaff1b84cfa
7.17.1,CVE-2014-0138,517b06d657aceb11a234b05cc891170c367ab80d
7.17.1,CVE-2014-0015,8ae35102c43d8d06572c3a1292eb6e27e663c78d
7.17.1,CVE-2013-2174,192c4f788d48f82c03e9cef40013f34370e90737
7.17.1,CVE-2013-1944,2eb8dcf26cb37f09cffe26909a646e702dbcab66
7.17.1,CVE-2011-3389,db1a856b4f7cf6ae334fb0656b26a18eea317000
7.17.1,CVE-2011-2192,5c314c6bb449bfca06c1cdc383c84e7661faf42c
7.17.1,CVE-2010-0734,06ae8ca5a6e452e5cb555c1a511a9df8dec6657c
7.17.1,CVE-2009-2417,NA
7.17.1,CVE-2009-0037,NA
7.17.0,CVE-2015-3153,69a2e8d7ec581695a62527cb2252e7350f314ffa
7.17.0,CVE-2015-3148,79b9d5f1a42578f807a6c94914bc65cbaa304b6d
7.17.0,CVE-2015-3143,31be461c6b659312100c47be6ddd5f0f569290f6
7.17.0,CVE-2014-8150,178bd7db34f77e020fb8562890c5625ccbd67093
7.17.0,CVE-2014-3613,8a75dbeb2305297640453029b7905ef51b87e8dd
7.17.0,CVE-2014-0139,5019c780958c3a8dbe64123aa90e6eaff1b84cfa
7.17.0,CVE-2014-0138,517b06d657aceb11a234b05cc891170c367ab80d
7.17.0,CVE-2014-0015,8ae35102c43d8d06572c3a1292eb6e27e663c78d
7.17.0,CVE-2013-2174,192c4f788d48f82c03e9cef40013f34370e90737
7.17.0,CVE-2013-1944,2eb8dcf26cb37f09cffe26909a646e702dbcab66
7.17.0,CVE-2011-3389,db1a856b4f7cf6ae334fb0656b26a18eea317000
7.17.0,CVE-2011-2192,5c314c6bb449bfca06c1cdc383c84e7661faf42c
7.17.0,CVE-2010-0734,06ae8ca5a6e452e5cb555c1a511a9df8dec6657c
7.17.0,CVE-2009-2417,NA
7.17.0,CVE-2009-0037,NA
7.16.4,CVE-2015-3153,69a2e8d7ec581695a62527cb2252e7350f314ffa
7.16.4,CVE-2015-3148,79b9d5f1a42578f807a6c94914bc65cbaa304b6d
7.16.4,CVE-2015-3143,31be461c6b659312100c47be6ddd5f0f569290f6
7.16.4,CVE-2014-8150,178bd7db34f77e020fb8562890c5625ccbd67093
7.16.4,CVE-2014-3613,8a75dbeb2305297640453029b7905ef51b87e8dd
7.16.4,CVE-2014-0139,5019c780958c3a8dbe64123aa90e6eaff1b84cfa
7.16.4,CVE-2014-0138,517b06d657aceb11a234b05cc891170c367ab80d
7.16.4,CVE-2014-0015,8ae35102c43d8d06572c3a1292eb6e27e663c78d
7.16.4,CVE-2013-2174,192c4f788d48f82c03e9cef40013f34370e90737
7.16.4,CVE-2013-1944,2eb8dcf26cb37f09cffe26909a646e702dbcab66
7.16.4,CVE-2011-3389,db1a856b4f7cf6ae334fb0656b26a18eea317000
7.16.4,CVE-2011-2192,5c314c6bb449bfca06c1cdc383c84e7661faf42c
7.16.4,CVE-2010-0734,06ae8ca5a6e452e5cb555c1a511a9df8dec6657c
7.16.4,CVE-2009-2417,NA
7.16.4,CVE-2009-0037,NA
7.16.3,CVE-2015-3153,69a2e8d7ec581695a62527cb2252e7350f314ffa
7.16.3,CVE-2015-3148,79b9d5f1a42578f807a6c94914bc65cbaa304b6d
7.16.3,CVE-2015-3143,31be461c6b659312100c47be6ddd5f0f569290f6
7.16.3,CVE-2014-8150,178bd7db34f77e020fb8562890c5625ccbd67093
7.16.3,CVE-2014-3613,8a75dbeb2305297640453029b7905ef51b87e8dd
7.16.3,CVE-2014-0139,5019c780958c3a8dbe64123aa90e6eaff1b84cfa
7.16.3,CVE-2014-0138,517b06d657aceb11a234b05cc891170c367ab80d
7.16.3,CVE-2014-0015,8ae35102c43d8d06572c3a1292eb6e27e663c78d
7.16.3,CVE-2013-2174,192c4f788d48f82c03e9cef40013f34370e90737
7.16.3,CVE-2013-1944,2eb8dcf26cb37f09cffe26909a646e702dbcab66
7.16.3,CVE-2011-3389,db1a856b4f7cf6ae334fb0656b26a18eea317000
7.16.3,CVE-2011-2192,5c314c6bb449bfca06c1cdc383c84e7661faf42c
7.16.3,CVE-2010-0734,06ae8ca5a6e452e5cb555c1a511a9df8dec6657c
7.16.3,CVE-2009-2417,NA
7.16.3,CVE-2009-0037,NA
7.16.3,CVE-2007-3564,4b1782c37141b82aa118eaf05061bb9ba1759700
7.16.2,CVE-2015-3153,69a2e8d7ec581695a62527cb2252e7350f314ffa
7.16.2,CVE-2015-3148,79b9d5f1a42578f807a6c94914bc65cbaa304b6d
7.16.2,CVE-2015-3143,31be461c6b659312100c47be6ddd5f0f569290f6
7.16.2,CVE-2014-8150,178bd7db34f77e020fb8562890c5625ccbd67093
7.16.2,CVE-2014-3613,8a75dbeb2305297640453029b7905ef51b87e8dd
7.16.2,CVE-2014-0139,5019c780958c3a8dbe64123aa90e6eaff1b84cfa
7.16.2,CVE-2014-0138,517b06d657aceb11a234b05cc891170c367ab80d
7.16.2,CVE-2014-0015,8ae35102c43d8d06572c3a1292eb6e27e663c78d
7.16.2,CVE-2013-2174,192c4f788d48f82c03e9cef40013f34370e90737
7.16.2,CVE-2013-1944,2eb8dcf26cb37f09cffe26909a646e702dbcab66
7.16.2,CVE-2011-3389,db1a856b4f7cf6ae334fb0656b26a18eea317000
7.16.2,CVE-2011-2192,5c314c6bb449bfca06c1cdc383c84e7661faf42c
7.16.2,CVE-2010-0734,06ae8ca5a6e452e5cb555c1a511a9df8dec6657c
7.16.2,CVE-2009-2417,NA
7.16.2,CVE-2009-0037,NA
7.16.2,CVE-2007-3564,4b1782c37141b82aa118eaf05061bb9ba1759700
7.16.1,CVE-2015-3153,69a2e8d7ec581695a62527cb2252e7350f314ffa
7.16.1,CVE-2015-3148,79b9d5f1a42578f807a6c94914bc65cbaa304b6d
7.16.1,CVE-2015-3143,31be461c6b659312100c47be6ddd5f0f569290f6
7.16.1,CVE-2014-8150,178bd7db34f77e020fb8562890c5625ccbd67093
7.16.1,CVE-2014-3613,8a75dbeb2305297640453029b7905ef51b87e8dd
7.16.1,CVE-2014-0139,5019c780958c3a8dbe64123aa90e6eaff1b84cfa
7.16.1,CVE-2014-0138,517b06d657aceb11a234b05cc891170c367ab80d
7.16.1,CVE-2014-0015,8ae35102c43d8d06572c3a1292eb6e27e663c78d
7.16.1,CVE-2013-2174,192c4f788d48f82c03e9cef40013f34370e90737
7.16.1,CVE-2013-1944,2eb8dcf26cb37f09cffe26909a646e702dbcab66
7.16.1,CVE-2011-3389,db1a856b4f7cf6ae334fb0656b26a18eea317000
7.16.1,CVE-2011-2192,5c314c6bb449bfca06c1cdc383c84e7661faf42c
7.16.1,CVE-2010-0734,06ae8ca5a6e452e5cb555c1a511a9df8dec6657c
7.16.1,CVE-2009-2417,NA
7.16.1,CVE-2009-0037,NA
7.16.1,CVE-2007-3564,4b1782c37141b82aa118eaf05061bb9ba1759700
7.16.0,CVE-2015-3153,69a2e8d7ec581695a62527cb2252e7350f314ffa
7.16.0,CVE-2015-3148,79b9d5f1a42578f807a6c94914bc65cbaa304b6d
7.16.0,CVE-2015-3143,31be461c6b659312100c47be6ddd5f0f569290f6
7.16.0,CVE-2014-8150,178bd7db34f77e020fb8562890c5625ccbd67093
7.16.0,CVE-2014-3613,8a75dbeb2305297640453029b7905ef51b87e8dd
7.16.0,CVE-2014-0139,5019c780958c3a8dbe64123aa90e6eaff1b84cfa
7.16.0,CVE-2014-0138,517b06d657aceb11a234b05cc891170c367ab80d
7.16.0,CVE-2014-0015,8ae35102c43d8d06572c3a1292eb6e27e663c78d
7.16.0,CVE-2013-2174,192c4f788d48f82c03e9cef40013f34370e90737
7.16.0,CVE-2013-1944,2eb8dcf26cb37f09cffe26909a646e702dbcab66
7.16.0,CVE-2011-3389,db1a856b4f7cf6ae334fb0656b26a18eea317000
7.16.0,CVE-2011-2192,5c314c6bb449bfca06c1cdc383c84e7661faf42c
7.16.0,CVE-2010-0734,06ae8ca5a6e452e5cb555c1a511a9df8dec6657c
7.16.0,CVE-2009-2417,NA
7.16.0,CVE-2009-0037,NA
7.16.0,CVE-2007-3564,4b1782c37141b82aa118eaf05061bb9ba1759700
7.15.5,CVE-2015-3153,69a2e8d7ec581695a62527cb2252e7350f314ffa
7.15.5,CVE-2015-3148,79b9d5f1a42578f807a6c94914bc65cbaa304b6d
7.15.5,CVE-2015-3143,31be461c6b659312100c47be6ddd5f0f569290f6
7.15.5,CVE-2014-8150,178bd7db34f77e020fb8562890c5625ccbd67093
7.15.5,CVE-2014-3613,8a75dbeb2305297640453029b7905ef51b87e8dd
7.15.5,CVE-2014-0139,5019c780958c3a8dbe64123aa90e6eaff1b84cfa
7.15.5,CVE-2014-0138,517b06d657aceb11a234b05cc891170c367ab80d
7.15.5,CVE-2014-0015,8ae35102c43d8d06572c3a1292eb6e27e663c78d
7.15.5,CVE-2013-2174,192c4f788d48f82c03e9cef40013f34370e90737
7.15.5,CVE-2013-1944,2eb8dcf26cb37f09cffe26909a646e702dbcab66
7.15.5,CVE-2011-3389,db1a856b4f7cf6ae334fb0656b26a18eea317000
7.15.5,CVE-2011-2192,5c314c6bb449bfca06c1cdc383c84e7661faf42c
7.15.5,CVE-2010-0734,06ae8ca5a6e452e5cb555c1a511a9df8dec6657c
7.15.5,CVE-2009-2417,NA
7.15.5,CVE-2009-0037,NA
7.15.5,CVE-2007-3564,4b1782c37141b82aa118eaf05061bb9ba1759700
7.15.4,CVE-2015-3153,69a2e8d7ec581695a62527cb2252e7350f314ffa
7.15.4,CVE-2015-3148,79b9d5f1a42578f807a6c94914bc65cbaa304b6d
7.15.4,CVE-2015-3143,31be461c6b659312100c47be6ddd5f0f569290f6
7.15.4,CVE-2014-8150,178bd7db34f77e020fb8562890c5625ccbd67093
7.15.4,CVE-2014-3613,8a75dbeb2305297640453029b7905ef51b87e8dd
7.15.4,CVE-2014-0139,5019c780958c3a8dbe64123aa90e6eaff1b84cfa
7.15.4,CVE-2014-0138,517b06d657aceb11a234b05cc891170c367ab80d
7.15.4,CVE-2014-0015,8ae35102c43d8d06572c3a1292eb6e27e663c78d
7.15.4,CVE-2013-2174,192c4f788d48f82c03e9cef40013f34370e90737
7.15.4,CVE-2013-1944,2eb8dcf26cb37f09cffe26909a646e702dbcab66
7.15.4,CVE-2011-3389,db1a856b4f7cf6ae334fb0656b26a18eea317000
7.15.4,CVE-2011-2192,5c314c6bb449bfca06c1cdc383c84e7661faf42c
7.15.4,CVE-2010-0734,06ae8ca5a6e452e5cb555c1a511a9df8dec6657c
7.15.4,CVE-2009-2417,NA
7.15.4,CVE-2009-0037,NA
7.15.4,CVE-2007-3564,4b1782c37141b82aa118eaf05061bb9ba1759700
7.15.3,CVE-2015-3153,69a2e8d7ec581695a62527cb2252e7350f314ffa
7.15.3,CVE-2015-3148,79b9d5f1a42578f807a6c94914bc65cbaa304b6d
7.15.3,CVE-2015-3143,31be461c6b659312100c47be6ddd5f0f569290f6
7.15.3,CVE-2014-8150,178bd7db34f77e020fb8562890c5625ccbd67093
7.15.3,CVE-2014-3613,8a75dbeb2305297640453029b7905ef51b87e8dd
7.15.3,CVE-2014-0139,5019c780958c3a8dbe64123aa90e6eaff1b84cfa
7.15.3,CVE-2014-0138,517b06d657aceb11a234b05cc891170c367ab80d
7.15.3,CVE-2014-0015,8ae35102c43d8d06572c3a1292eb6e27e663c78d
7.15.3,CVE-2013-2174,192c4f788d48f82c03e9cef40013f34370e90737
7.15.3,CVE-2013-1944,2eb8dcf26cb37f09cffe26909a646e702dbcab66
7.15.3,CVE-2011-3389,db1a856b4f7cf6ae334fb0656b26a18eea317000
7.15.3,CVE-2011-2192,5c314c6bb449bfca06c1cdc383c84e7661faf42c
7.15.3,CVE-2010-0734,06ae8ca5a6e452e5cb555c1a511a9df8dec6657c
7.15.3,CVE-2009-2417,NA
7.15.3,CVE-2009-0037,NA
7.15.3,CVE-2007-3564,4b1782c37141b82aa118eaf05061bb9ba1759700
7.15.2,CVE-2015-3153,69a2e8d7ec581695a62527cb2252e7350f314ffa
7.15.2,CVE-2015-3148,79b9d5f1a42578f807a6c94914bc65cbaa304b6d
7.15.2,CVE-2015-3143,31be461c6b659312100c47be6ddd5f0f569290f6
7.15.2,CVE-2014-8150,178bd7db34f77e020fb8562890c5625ccbd67093
7.15.2,CVE-2014-3613,8a75dbeb2305297640453029b7905ef51b87e8dd
7.15.2,CVE-2014-0139,5019c780958c3a8dbe64123aa90e6eaff1b84cfa
7.15.2,CVE-2014-0138,517b06d657aceb11a234b05cc891170c367ab80d
7.15.2,CVE-2014-0015,8ae35102c43d8d06572c3a1292eb6e27e663c78d
7.15.2,CVE-2013-2174,192c4f788d48f82c03e9cef40013f34370e90737
7.15.2,CVE-2013-1944,2eb8dcf26cb37f09cffe26909a646e702dbcab66
7.15.2,CVE-2011-3389,db1a856b4f7cf6ae334fb0656b26a18eea317000
7.15.2,CVE-2011-2192,5c314c6bb449bfca06c1cdc383c84e7661faf42c
7.15.2,CVE-2010-0734,06ae8ca5a6e452e5cb555c1a511a9df8dec6657c
7.15.2,CVE-2009-2417,NA
7.15.2,CVE-2009-0037,NA
7.15.2,CVE-2007-3564,4b1782c37141b82aa118eaf05061bb9ba1759700
7.15.2,CVE-2006-1061,5975229919b54c0a780bdc8d1bdd5baf6d5959bf
7.15.1,CVE-2015-3153,69a2e8d7ec581695a62527cb2252e7350f314ffa
7.15.1,CVE-2015-3148,79b9d5f1a42578f807a6c94914bc65cbaa304b6d
7.15.1,CVE-2015-3143,31be461c6b659312100c47be6ddd5f0f569290f6
7.15.1,CVE-2014-8150,178bd7db34f77e020fb8562890c5625ccbd67093
7.15.1,CVE-2014-3613,8a75dbeb2305297640453029b7905ef51b87e8dd
7.15.1,CVE-2014-0139,5019c780958c3a8dbe64123aa90e6eaff1b84cfa
7.15.1,CVE-2014-0138,517b06d657aceb11a234b05cc891170c367ab80d
7.15.1,CVE-2014-0015,8ae35102c43d8d06572c3a1292eb6e27e663c78d
7.15.1,CVE-2013-2174,192c4f788d48f82c03e9cef40013f34370e90737
7.15.1,CVE-2013-1944,2eb8dcf26cb37f09cffe26909a646e702dbcab66
7.15.1,CVE-2011-3389,db1a856b4f7cf6ae334fb0656b26a18eea317000
7.15.1,CVE-2011-2192,5c314c6bb449bfca06c1cdc383c84e7661faf42c
7.15.1,CVE-2010-0734,06ae8ca5a6e452e5cb555c1a511a9df8dec6657c
7.15.1,CVE-2009-2417,NA
7.15.1,CVE-2009-0037,NA
7.15.1,CVE-2007-3564,4b1782c37141b82aa118eaf05061bb9ba1759700
7.15.1,CVE-2006-1061,5975229919b54c0a780bdc8d1bdd5baf6d5959bf
7.15.0,CVE-2015-3153,69a2e8d7ec581695a62527cb2252e7350f314ffa
7.15.0,CVE-2015-3148,79b9d5f1a42578f807a6c94914bc65cbaa304b6d
7.15.0,CVE-2015-3143,31be461c6b659312100c47be6ddd5f0f569290f6
7.15.0,CVE-2014-8150,178bd7db34f77e020fb8562890c5625ccbd67093
7.15.0,CVE-2014-3613,8a75dbeb2305297640453029b7905ef51b87e8dd
7.15.0,CVE-2014-0139,5019c780958c3a8dbe64123aa90e6eaff1b84cfa
7.15.0,CVE-2014-0138,517b06d657aceb11a234b05cc891170c367ab80d
7.15.0,CVE-2014-0015,8ae35102c43d8d06572c3a1292eb6e27e663c78d
7.15.0,CVE-2013-2174,192c4f788d48f82c03e9cef40013f34370e90737
7.15.0,CVE-2013-1944,2eb8dcf26cb37f09cffe26909a646e702dbcab66
7.15.0,CVE-2011-3389,db1a856b4f7cf6ae334fb0656b26a18eea317000
7.15.0,CVE-2011-2192,5c314c6bb449bfca06c1cdc383c84e7661faf42c
7.15.0,CVE-2010-0734,06ae8ca5a6e452e5cb555c1a511a9df8dec6657c
7.15.0,CVE-2009-2417,NA
7.15.0,CVE-2009-0037,NA
7.15.0,CVE-2007-3564,4b1782c37141b82aa118eaf05061bb9ba1759700
7.15.0,CVE-2006-1061,5975229919b54c0a780bdc8d1bdd5baf6d5959bf
7.15.0,CVE-2005-4077,f49df54a36a39995be32782154f3ca2692f17ac4
7.14.1,CVE-2015-3153,69a2e8d7ec581695a62527cb2252e7350f314ffa
7.14.1,CVE-2015-3148,79b9d5f1a42578f807a6c94914bc65cbaa304b6d
7.14.1,CVE-2015-3143,31be461c6b659312100c47be6ddd5f0f569290f6
7.14.1,CVE-2014-8150,178bd7db34f77e020fb8562890c5625ccbd67093
7.14.1,CVE-2014-3613,8a75dbeb2305297640453029b7905ef51b87e8dd
7.14.1,CVE-2014-0139,5019c780958c3a8dbe64123aa90e6eaff1b84cfa
7.14.1,CVE-2014-0138,517b06d657aceb11a234b05cc891170c367ab80d
7.14.1,CVE-2014-0015,8ae35102c43d8d06572c3a1292eb6e27e663c78d
7.14.1,CVE-2013-2174,192c4f788d48f82c03e9cef40013f34370e90737
7.14.1,CVE-2013-1944,2eb8dcf26cb37f09cffe26909a646e702dbcab66
7.14.1,CVE-2011-3389,db1a856b4f7cf6ae334fb0656b26a18eea317000
7.14.1,CVE-2011-2192,5c314c6bb449bfca06c1cdc383c84e7661faf42c
7.14.1,CVE-2010-0734,06ae8ca5a6e452e5cb555c1a511a9df8dec6657c
7.14.1,CVE-2009-2417,NA
7.14.1,CVE-2009-0037,NA
7.14.1,CVE-2007-3564,4b1782c37141b82aa118eaf05061bb9ba1759700
7.14.1,CVE-2005-4077,f49df54a36a39995be32782154f3ca2692f17ac4
7.14.1,CVE-2005-3185,943aea62679fb9f2d6d7abe59b5edcba21490c52
7.14.0,CVE-2015-3153,69a2e8d7ec581695a62527cb2252e7350f314ffa
7.14.0,CVE-2015-3148,79b9d5f1a42578f807a6c94914bc65cbaa304b6d
7.14.0,CVE-2015-3143,31be461c6b659312100c47be6ddd5f0f569290f6
7.14.0,CVE-2014-8150,178bd7db34f77e020fb8562890c5625ccbd67093
7.14.0,CVE-2014-3613,8a75dbeb2305297640453029b7905ef51b87e8dd
7.14.0,CVE-2014-0139,5019c780958c3a8dbe64123aa90e6eaff1b84cfa
7.14.0,CVE-2014-0138,517b06d657aceb11a234b05cc891170c367ab80d
7.14.0,CVE-2014-0015,8ae35102c43d8d06572c3a1292eb6e27e663c78d
7.14.0,CVE-2013-2174,192c4f788d48f82c03e9cef40013f34370e90737
7.14.0,CVE-2013-1944,2eb8dcf26cb37f09cffe26909a646e702dbcab66
7.14.0,CVE-2011-3389,db1a856b4f7cf6ae334fb0656b26a18eea317000
7.14.0,CVE-2011-2192,5c314c6bb449bfca06c1cdc383c84e7661faf42c
7.14.0,CVE-2010-0734,06ae8ca5a6e452e5cb555c1a511a9df8dec6657c
7.14.0,CVE-2009-2417,NA
7.14.0,CVE-2009-0037,NA
7.14.0,CVE-2007-3564,4b1782c37141b82aa118eaf05061bb9ba1759700
7.14.0,CVE-2005-4077,f49df54a36a39995be32782154f3ca2692f17ac4
7.14.0,CVE-2005-3185,943aea62679fb9f2d6d7abe59b5edcba21490c52
7.13.2,CVE-2015-3153,69a2e8d7ec581695a62527cb2252e7350f314ffa
7.13.2,CVE-2015-3148,79b9d5f1a42578f807a6c94914bc65cbaa304b6d
7.13.2,CVE-2015-3143,31be461c6b659312100c47be6ddd5f0f569290f6
7.13.2,CVE-2014-8150,178bd7db34f77e020fb8562890c5625ccbd67093
7.13.2,CVE-2014-3613,8a75dbeb2305297640453029b7905ef51b87e8dd
7.13.2,CVE-2014-0139,5019c780958c3a8dbe64123aa90e6eaff1b84cfa
7.13.2,CVE-2014-0138,517b06d657aceb11a234b05cc891170c367ab80d
7.13.2,CVE-2014-0015,8ae35102c43d8d06572c3a1292eb6e27e663c78d
7.13.2,CVE-2013-2174,192c4f788d48f82c03e9cef40013f34370e90737
7.13.2,CVE-2013-1944,2eb8dcf26cb37f09cffe26909a646e702dbcab66
7.13.2,CVE-2011-3389,db1a856b4f7cf6ae334fb0656b26a18eea317000
7.13.2,CVE-2011-2192,5c314c6bb449bfca06c1cdc383c84e7661faf42c
7.13.2,CVE-2010-0734,06ae8ca5a6e452e5cb555c1a511a9df8dec6657c
7.13.2,CVE-2009-2417,NA
7.13.2,CVE-2009-0037,NA
7.13.2,CVE-2005-4077,f49df54a36a39995be32782154f3ca2692f17ac4
7.13.2,CVE-2005-3185,943aea62679fb9f2d6d7abe59b5edcba21490c52
7.13.1,CVE-2015-3153,69a2e8d7ec581695a62527cb2252e7350f314ffa
7.13.1,CVE-2015-3148,79b9d5f1a42578f807a6c94914bc65cbaa304b6d
7.13.1,CVE-2015-3143,31be461c6b659312100c47be6ddd5f0f569290f6
7.13.1,CVE-2014-8150,178bd7db34f77e020fb8562890c5625ccbd67093
7.13.1,CVE-2014-3613,8a75dbeb2305297640453029b7905ef51b87e8dd
7.13.1,CVE-2014-0139,5019c780958c3a8dbe64123aa90e6eaff1b84cfa
7.13.1,CVE-2014-0138,517b06d657aceb11a234b05cc891170c367ab80d
7.13.1,CVE-2014-0015,8ae35102c43d8d06572c3a1292eb6e27e663c78d
7.13.1,CVE-2013-2174,192c4f788d48f82c03e9cef40013f34370e90737
7.13.1,CVE-2013-1944,2eb8dcf26cb37f09cffe26909a646e702dbcab66
7.13.1,CVE-2011-3389,db1a856b4f7cf6ae334fb0656b26a18eea317000
7.13.1,CVE-2011-2192,5c314c6bb449bfca06c1cdc383c84e7661faf42c
7.13.1,CVE-2010-0734,06ae8ca5a6e452e5cb555c1a511a9df8dec6657c
7.13.1,CVE-2009-2417,NA
7.13.1,CVE-2009-0037,NA
7.13.1,CVE-2005-4077,f49df54a36a39995be32782154f3ca2692f17ac4
7.13.1,CVE-2005-3185,943aea62679fb9f2d6d7abe59b5edcba21490c52
7.13.0,CVE-2015-3153,69a2e8d7ec581695a62527cb2252e7350f314ffa
7.13.0,CVE-2015-3148,79b9d5f1a42578f807a6c94914bc65cbaa304b6d
7.13.0,CVE-2015-3143,31be461c6b659312100c47be6ddd5f0f569290f6
7.13.0,CVE-2014-8150,178bd7db34f77e020fb8562890c5625ccbd67093
7.13.0,CVE-2014-3613,8a75dbeb2305297640453029b7905ef51b87e8dd
7.13.0,CVE-2014-0139,5019c780958c3a8dbe64123aa90e6eaff1b84cfa
7.13.0,CVE-2014-0138,517b06d657aceb11a234b05cc891170c367ab80d
7.13.0,CVE-2014-0015,8ae35102c43d8d06572c3a1292eb6e27e663c78d
7.13.0,CVE-2013-2174,192c4f788d48f82c03e9cef40013f34370e90737
7.13.0,CVE-2013-1944,2eb8dcf26cb37f09cffe26909a646e702dbcab66
7.13.0,CVE-2011-3389,db1a856b4f7cf6ae334fb0656b26a18eea317000
7.13.0,CVE-2011-2192,5c314c6bb449bfca06c1cdc383c84e7661faf42c
7.13.0,CVE-2010-0734,06ae8ca5a6e452e5cb555c1a511a9df8dec6657c
7.13.0,CVE-2009-2417,NA
7.13.0,CVE-2009-0037,NA
7.13.0,CVE-2005-4077,f49df54a36a39995be32782154f3ca2692f17ac4
7.13.0,CVE-2005-3185,943aea62679fb9f2d6d7abe59b5edcba21490c52
7.12.3,CVE-2015-3153,69a2e8d7ec581695a62527cb2252e7350f314ffa
7.12.3,CVE-2015-3148,79b9d5f1a42578f807a6c94914bc65cbaa304b6d
7.12.3,CVE-2015-3143,31be461c6b659312100c47be6ddd5f0f569290f6
7.12.3,CVE-2014-8150,178bd7db34f77e020fb8562890c5625ccbd67093
7.12.3,CVE-2014-3613,8a75dbeb2305297640453029b7905ef51b87e8dd
7.12.3,CVE-2014-0139,5019c780958c3a8dbe64123aa90e6eaff1b84cfa
7.12.3,CVE-2014-0138,517b06d657aceb11a234b05cc891170c367ab80d
7.12.3,CVE-2014-0015,8ae35102c43d8d06572c3a1292eb6e27e663c78d
7.12.3,CVE-2013-2174,192c4f788d48f82c03e9cef40013f34370e90737
7.12.3,CVE-2013-1944,2eb8dcf26cb37f09cffe26909a646e702dbcab66
7.12.3,CVE-2011-3389,db1a856b4f7cf6ae334fb0656b26a18eea317000
7.12.3,CVE-2011-2192,5c314c6bb449bfca06c1cdc383c84e7661faf42c
7.12.3,CVE-2010-0734,06ae8ca5a6e452e5cb555c1a511a9df8dec6657c
7.12.3,CVE-2009-2417,NA
7.12.3,CVE-2009-0037,NA
7.12.3,CVE-2005-4077,f49df54a36a39995be32782154f3ca2692f17ac4
7.12.3,CVE-2005-3185,943aea62679fb9f2d6d7abe59b5edcba21490c52
7.12.2,CVE-2015-3153,69a2e8d7ec581695a62527cb2252e7350f314ffa
7.12.2,CVE-2015-3148,79b9d5f1a42578f807a6c94914bc65cbaa304b6d
7.12.2,CVE-2015-3143,31be461c6b659312100c47be6ddd5f0f569290f6
7.12.2,CVE-2014-8150,178bd7db34f77e020fb8562890c5625ccbd67093
7.12.2,CVE-2014-3613,8a75dbeb2305297640453029b7905ef51b87e8dd
7.12.2,CVE-2014-0139,5019c780958c3a8dbe64123aa90e6eaff1b84cfa
7.12.2,CVE-2014-0138,517b06d657aceb11a234b05cc891170c367ab80d
7.12.2,CVE-2014-0015,8ae35102c43d8d06572c3a1292eb6e27e663c78d
7.12.2,CVE-2013-2174,192c4f788d48f82c03e9cef40013f34370e90737
7.12.2,CVE-2013-1944,2eb8dcf26cb37f09cffe26909a646e702dbcab66
7.12.2,CVE-2011-3389,db1a856b4f7cf6ae334fb0656b26a18eea317000
7.12.2,CVE-2011-2192,5c314c6bb449bfca06c1cdc383c84e7661faf42c
7.12.2,CVE-2010-0734,06ae8ca5a6e452e5cb555c1a511a9df8dec6657c
7.12.2,CVE-2009-2417,NA
7.12.2,CVE-2009-0037,NA
7.12.2,CVE-2005-4077,f49df54a36a39995be32782154f3ca2692f17ac4
7.12.2,CVE-2005-3185,943aea62679fb9f2d6d7abe59b5edcba21490c52
7.12.1,CVE-2015-3153,69a2e8d7ec581695a62527cb2252e7350f314ffa
7.12.1,CVE-2015-3148,79b9d5f1a42578f807a6c94914bc65cbaa304b6d
7.12.1,CVE-2015-3143,31be461c6b659312100c47be6ddd5f0f569290f6
7.12.1,CVE-2014-8150,178bd7db34f77e020fb8562890c5625ccbd67093
7.12.1,CVE-2014-3613,8a75dbeb2305297640453029b7905ef51b87e8dd
7.12.1,CVE-2014-0139,5019c780958c3a8dbe64123aa90e6eaff1b84cfa
7.12.1,CVE-2014-0138,517b06d657aceb11a234b05cc891170c367ab80d
7.12.1,CVE-2014-0015,8ae35102c43d8d06572c3a1292eb6e27e663c78d
7.12.1,CVE-2013-2174,192c4f788d48f82c03e9cef40013f34370e90737
7.12.1,CVE-2013-1944,2eb8dcf26cb37f09cffe26909a646e702dbcab66
7.12.1,CVE-2011-3389,db1a856b4f7cf6ae334fb0656b26a18eea317000
7.12.1,CVE-2011-2192,5c314c6bb449bfca06c1cdc383c84e7661faf42c
7.12.1,CVE-2010-0734,06ae8ca5a6e452e5cb555c1a511a9df8dec6657c
7.12.1,CVE-2009-2417,NA
7.12.1,CVE-2009-0037,NA
7.12.1,CVE-2005-4077,f49df54a36a39995be32782154f3ca2692f17ac4
7.12.1,CVE-2005-3185,943aea62679fb9f2d6d7abe59b5edcba21490c52
7.12.0,CVE-2015-3153,69a2e8d7ec581695a62527cb2252e7350f314ffa
7.12.0,CVE-2015-3148,79b9d5f1a42578f807a6c94914bc65cbaa304b6d
7.12.0,CVE-2015-3143,31be461c6b659312100c47be6ddd5f0f569290f6
7.12.0,CVE-2014-8150,178bd7db34f77e020fb8562890c5625ccbd67093
7.12.0,CVE-2014-3613,8a75dbeb2305297640453029b7905ef51b87e8dd
7.12.0,CVE-2014-0139,5019c780958c3a8dbe64123aa90e6eaff1b84cfa
7.12.0,CVE-2014-0138,517b06d657aceb11a234b05cc891170c367ab80d
7.12.0,CVE-2014-0015,8ae35102c43d8d06572c3a1292eb6e27e663c78d
7.12.0,CVE-2013-2174,192c4f788d48f82c03e9cef40013f34370e90737
7.12.0,CVE-2013-1944,2eb8dcf26cb37f09cffe26909a646e702dbcab66
7.12.0,CVE-2011-3389,db1a856b4f7cf6ae334fb0656b26a18eea317000
7.12.0,CVE-2011-2192,5c314c6bb449bfca06c1cdc383c84e7661faf42c
7.12.0,CVE-2010-0734,06ae8ca5a6e452e5cb555c1a511a9df8dec6657c
7.12.0,CVE-2009-2417,NA
7.12.0,CVE-2009-0037,NA
7.12.0,CVE-2005-4077,f49df54a36a39995be32782154f3ca2692f17ac4
7.12.0,CVE-2005-3185,943aea62679fb9f2d6d7abe59b5edcba21490c52
7.11.2,CVE-2015-3153,69a2e8d7ec581695a62527cb2252e7350f314ffa
7.11.2,CVE-2015-3148,79b9d5f1a42578f807a6c94914bc65cbaa304b6d
7.11.2,CVE-2015-3143,31be461c6b659312100c47be6ddd5f0f569290f6
7.11.2,CVE-2014-8150,178bd7db34f77e020fb8562890c5625ccbd67093
7.11.2,CVE-2014-3613,8a75dbeb2305297640453029b7905ef51b87e8dd
7.11.2,CVE-2014-0139,5019c780958c3a8dbe64123aa90e6eaff1b84cfa
7.11.2,CVE-2014-0138,517b06d657aceb11a234b05cc891170c367ab80d
7.11.2,CVE-2014-0015,8ae35102c43d8d06572c3a1292eb6e27e663c78d
7.11.2,CVE-2013-2174,192c4f788d48f82c03e9cef40013f34370e90737
7.11.2,CVE-2013-1944,2eb8dcf26cb37f09cffe26909a646e702dbcab66
7.11.2,CVE-2011-3389,db1a856b4f7cf6ae334fb0656b26a18eea317000
7.11.2,CVE-2011-2192,5c314c6bb449bfca06c1cdc383c84e7661faf42c
7.11.2,CVE-2010-0734,06ae8ca5a6e452e5cb555c1a511a9df8dec6657c
7.11.2,CVE-2009-2417,NA
7.11.2,CVE-2009-0037,NA
7.11.2,CVE-2005-4077,f49df54a36a39995be32782154f3ca2692f17ac4
7.11.2,CVE-2005-3185,943aea62679fb9f2d6d7abe59b5edcba21490c52
7.11.1,CVE-2015-3153,69a2e8d7ec581695a62527cb2252e7350f314ffa
7.11.1,CVE-2015-3148,79b9d5f1a42578f807a6c94914bc65cbaa304b6d
7.11.1,CVE-2015-3143,31be461c6b659312100c47be6ddd5f0f569290f6
7.11.1,CVE-2014-8150,178bd7db34f77e020fb8562890c5625ccbd67093
7.11.1,CVE-2014-3613,8a75dbeb2305297640453029b7905ef51b87e8dd
7.11.1,CVE-2014-0139,5019c780958c3a8dbe64123aa90e6eaff1b84cfa
7.11.1,CVE-2014-0138,517b06d657aceb11a234b05cc891170c367ab80d
7.11.1,CVE-2014-0015,8ae35102c43d8d06572c3a1292eb6e27e663c78d
7.11.1,CVE-2013-2174,192c4f788d48f82c03e9cef40013f34370e90737
7.11.1,CVE-2013-1944,2eb8dcf26cb37f09cffe26909a646e702dbcab66
7.11.1,CVE-2011-3389,db1a856b4f7cf6ae334fb0656b26a18eea317000
7.11.1,CVE-2011-2192,5c314c6bb449bfca06c1cdc383c84e7661faf42c
7.11.1,CVE-2010-0734,06ae8ca5a6e452e5cb555c1a511a9df8dec6657c
7.11.1,CVE-2009-2417,NA
7.11.1,CVE-2009-0037,NA
7.11.1,CVE-2005-3185,943aea62679fb9f2d6d7abe59b5edcba21490c52
7.11.0,CVE-2015-3153,69a2e8d7ec581695a62527cb2252e7350f314ffa
7.11.0,CVE-2015-3148,79b9d5f1a42578f807a6c94914bc65cbaa304b6d
7.11.0,CVE-2015-3143,31be461c6b659312100c47be6ddd5f0f569290f6
7.11.0,CVE-2014-8150,178bd7db34f77e020fb8562890c5625ccbd67093
7.11.0,CVE-2014-3613,8a75dbeb2305297640453029b7905ef51b87e8dd
7.11.0,CVE-2014-0139,5019c780958c3a8dbe64123aa90e6eaff1b84cfa
7.11.0,CVE-2014-0138,517b06d657aceb11a234b05cc891170c367ab80d
7.11.0,CVE-2014-0015,8ae35102c43d8d06572c3a1292eb6e27e663c78d
7.11.0,CVE-2013-2174,192c4f788d48f82c03e9cef40013f34370e90737
7.11.0,CVE-2013-1944,2eb8dcf26cb37f09cffe26909a646e702dbcab66
7.11.0,CVE-2011-3389,db1a856b4f7cf6ae334fb0656b26a18eea317000
7.11.0,CVE-2011-2192,5c314c6bb449bfca06c1cdc383c84e7661faf42c
7.11.0,CVE-2010-0734,06ae8ca5a6e452e5cb555c1a511a9df8dec6657c
7.11.0,CVE-2009-2417,NA
7.11.0,CVE-2009-0037,NA
7.11.0,CVE-2005-3185,943aea62679fb9f2d6d7abe59b5edcba21490c52
7.10.8,CVE-2015-3153,69a2e8d7ec581695a62527cb2252e7350f314ffa
7.10.8,CVE-2015-3148,79b9d5f1a42578f807a6c94914bc65cbaa304b6d
7.10.8,CVE-2015-3143,31be461c6b659312100c47be6ddd5f0f569290f6
7.10.8,CVE-2014-8150,178bd7db34f77e020fb8562890c5625ccbd67093
7.10.8,CVE-2014-3613,8a75dbeb2305297640453029b7905ef51b87e8dd
7.10.8,CVE-2014-0139,5019c780958c3a8dbe64123aa90e6eaff1b84cfa
7.10.8,CVE-2014-0138,517b06d657aceb11a234b05cc891170c367ab80d
7.10.8,CVE-2014-0015,8ae35102c43d8d06572c3a1292eb6e27e663c78d
7.10.8,CVE-2013-2174,192c4f788d48f82c03e9cef40013f34370e90737
7.10.8,CVE-2013-1944,2eb8dcf26cb37f09cffe26909a646e702dbcab66
7.10.8,CVE-2011-3389,db1a856b4f7cf6ae334fb0656b26a18eea317000
7.10.8,CVE-2011-2192,5c314c6bb449bfca06c1cdc383c84e7661faf42c
7.10.8,CVE-2010-0734,06ae8ca5a6e452e5cb555c1a511a9df8dec6657c
7.10.8,CVE-2009-2417,NA
7.10.8,CVE-2009-0037,NA
7.10.8,CVE-2005-3185,943aea62679fb9f2d6d7abe59b5edcba21490c52
7.10.7,CVE-2015-3153,69a2e8d7ec581695a62527cb2252e7350f314ffa
7.10.7,CVE-2015-3148,79b9d5f1a42578f807a6c94914bc65cbaa304b6d
7.10.7,CVE-2015-3143,31be461c6b659312100c47be6ddd5f0f569290f6
7.10.7,CVE-2014-8150,178bd7db34f77e020fb8562890c5625ccbd67093
7.10.7,CVE-2014-3613,8a75dbeb2305297640453029b7905ef51b87e8dd
7.10.7,CVE-2014-0139,5019c780958c3a8dbe64123aa90e6eaff1b84cfa
7.10.7,CVE-2014-0138,517b06d657aceb11a234b05cc891170c367ab80d
7.10.7,CVE-2014-0015,8ae35102c43d8d06572c3a1292eb6e27e663c78d
7.10.7,CVE-2013-2174,192c4f788d48f82c03e9cef40013f34370e90737
7.10.7,CVE-2013-1944,2eb8dcf26cb37f09cffe26909a646e702dbcab66
7.10.7,CVE-2011-3389,db1a856b4f7cf6ae334fb0656b26a18eea317000
7.10.7,CVE-2011-2192,5c314c6bb449bfca06c1cdc383c84e7661faf42c
7.10.7,CVE-2010-0734,06ae8ca5a6e452e5cb555c1a511a9df8dec6657c
7.10.7,CVE-2009-2417,NA
7.10.7,CVE-2009-0037,NA
7.10.7,CVE-2005-3185,943aea62679fb9f2d6d7abe59b5edcba21490c52
7.10.6,CVE-2015-3153,69a2e8d7ec581695a62527cb2252e7350f314ffa
7.10.6,CVE-2015-3148,79b9d5f1a42578f807a6c94914bc65cbaa304b6d
7.10.6,CVE-2015-3143,31be461c6b659312100c47be6ddd5f0f569290f6
7.10.6,CVE-2014-8150,178bd7db34f77e020fb8562890c5625ccbd67093
7.10.6,CVE-2014-3613,8a75dbeb2305297640453029b7905ef51b87e8dd
7.10.6,CVE-2014-0139,5019c780958c3a8dbe64123aa90e6eaff1b84cfa
7.10.6,CVE-2014-0015,8ae35102c43d8d06572c3a1292eb6e27e663c78d
7.10.6,CVE-2013-2174,192c4f788d48f82c03e9cef40013f34370e90737
7.10.6,CVE-2013-1944,2eb8dcf26cb37f09cffe26909a646e702dbcab66
7.10.6,CVE-2011-3389,db1a856b4f7cf6ae334fb0656b26a18eea317000
7.10.6,CVE-2011-2192,5c314c6bb449bfca06c1cdc383c84e7661faf42c
7.10.6,CVE-2010-0734,06ae8ca5a6e452e5cb555c1a511a9df8dec6657c
7.10.6,CVE-2009-2417,NA
7.10.6,CVE-2009-0037,NA
7.10.6,CVE-2005-3185,943aea62679fb9f2d6d7abe59b5edcba21490c52
7.10.5,CVE-2015-3153,69a2e8d7ec581695a62527cb2252e7350f314ffa
7.10.5,CVE-2014-8150,178bd7db34f77e020fb8562890c5625ccbd67093
7.10.5,CVE-2014-3613,8a75dbeb2305297640453029b7905ef51b87e8dd
7.10.5,CVE-2014-0139,5019c780958c3a8dbe64123aa90e6eaff1b84cfa
7.10.5,CVE-2013-2174,192c4f788d48f82c03e9cef40013f34370e90737
7.10.5,CVE-2013-1944,2eb8dcf26cb37f09cffe26909a646e702dbcab66
7.10.5,CVE-2010-0734,06ae8ca5a6e452e5cb555c1a511a9df8dec6657c
7.10.5,CVE-2009-2417,NA
7.10.5,CVE-2009-0037,NA
7.10.4,CVE-2015-3153,69a2e8d7ec581695a62527cb2252e7350f314ffa
7.10.4,CVE-2014-8150,178bd7db34f77e020fb8562890c5625ccbd67093
7.10.4,CVE-2014-3613,8a75dbeb2305297640453029b7905ef51b87e8dd
7.10.4,CVE-2014-0139,5019c780958c3a8dbe64123aa90e6eaff1b84cfa
7.10.4,CVE-2013-2174,192c4f788d48f82c03e9cef40013f34370e90737
7.10.4,CVE-2013-1944,2eb8dcf26cb37f09cffe26909a646e702dbcab66
7.10.4,CVE-2009-2417,NA
7.10.4,CVE-2009-0037,NA
7.10.3,CVE-2015-3153,69a2e8d7ec581695a62527cb2252e7350f314ffa
7.10.3,CVE-2014-8150,178bd7db34f77e020fb8562890c5625ccbd67093
7.10.3,CVE-2014-3613,8a75dbeb2305297640453029b7905ef51b87e8dd
7.10.3,CVE-2014-0139,5019c780958c3a8dbe64123aa90e6eaff1b84cfa
7.10.3,CVE-2013-2174,192c4f788d48f82c03e9cef40013f34370e90737
7.10.3,CVE-2013-1944,2eb8dcf26cb37f09cffe26909a646e702dbcab66
7.10.3,CVE-2009-2417,NA
7.10.3,CVE-2009-0037,NA
7.10.2,CVE-2015-3153,69a2e8d7ec581695a62527cb2252e7350f314ffa
7.10.2,CVE-2014-8150,178bd7db34f77e020fb8562890c5625ccbd67093
7.10.2,CVE-2014-3613,8a75dbeb2305297640453029b7905ef51b87e8dd
7.10.2,CVE-2014-0139,5019c780958c3a8dbe64123aa90e6eaff1b84cfa
7.10.2,CVE-2013-2174,192c4f788d48f82c03e9cef40013f34370e90737
7.10.2,CVE-2013-1944,2eb8dcf26cb37f09cffe26909a646e702dbcab66
7.10.2,CVE-2009-2417,NA
7.10.2,CVE-2009-0037,NA
7.10.1,CVE-2015-3153,69a2e8d7ec581695a62527cb2252e7350f314ffa
7.10.1,CVE-2014-8150,178bd7db34f77e020fb8562890c5625ccbd67093
7.10.1,CVE-2014-3613,8a75dbeb2305297640453029b7905ef51b87e8dd
7.10.1,CVE-2014-0139,5019c780958c3a8dbe64123aa90e6eaff1b84cfa
7.10.1,CVE-2013-2174,192c4f788d48f82c03e9cef40013f34370e90737
7.10.1,CVE-2013-1944,2eb8dcf26cb37f09cffe26909a646e702dbcab66
7.10.1,CVE-2009-2417,NA
7.10.1,CVE-2009-0037,NA
7.1.0,CVE-2015-3153,69a2e8d7ec581695a62527cb2252e7350f314ffa
7.1.0,CVE-2014-8150,178bd7db34f77e020fb8562890c5625ccbd67093
7.1.0,CVE-2014-3613,8a75dbeb2305297640453029b7905ef51b87e8dd
7.1.0,CVE-2014-0139,5019c780958c3a8dbe64123aa90e6eaff1b84cfa
7.1.0,CVE-2013-2174,192c4f788d48f82c03e9cef40013f34370e90737
7.1.0,CVE-2013-1944,2eb8dcf26cb37f09cffe26909a646e702dbcab66
7.1.0,CVE-2009-2417,NA
7.1.0,CVE-2009-0037,NA
7.9.8,CVE-2015-3153,69a2e8d7ec581695a62527cb2252e7350f314ffa
7.9.8,CVE-2014-8150,178bd7db34f77e020fb8562890c5625ccbd67093
7.9.8,CVE-2014-3613,8a75dbeb2305297640453029b7905ef51b87e8dd
7.9.8,CVE-2014-0139,5019c780958c3a8dbe64123aa90e6eaff1b84cfa
7.9.8,CVE-2013-2174,192c4f788d48f82c03e9cef40013f34370e90737
7.9.8,CVE-2013-1944,2eb8dcf26cb37f09cffe26909a646e702dbcab66
7.9.8,CVE-2009-2417,NA
7.9.8,CVE-2009-0037,NA
7.9.7,CVE-2015-3153,69a2e8d7ec581695a62527cb2252e7350f314ffa
7.9.7,CVE-2014-8150,178bd7db34f77e020fb8562890c5625ccbd67093
7.9.7,CVE-2014-3613,8a75dbeb2305297640453029b7905ef51b87e8dd
7.9.7,CVE-2014-0139,5019c780958c3a8dbe64123aa90e6eaff1b84cfa
7.9.7,CVE-2013-2174,192c4f788d48f82c03e9cef40013f34370e90737
7.9.7,CVE-2013-1944,2eb8dcf26cb37f09cffe26909a646e702dbcab66
7.9.7,CVE-2009-2417,NA
7.9.7,CVE-2009-0037,NA
7.9.6,CVE-2015-3153,69a2e8d7ec581695a62527cb2252e7350f314ffa
7.9.6,CVE-2014-8150,178bd7db34f77e020fb8562890c5625ccbd67093
7.9.6,CVE-2014-3613,8a75dbeb2305297640453029b7905ef51b87e8dd
7.9.6,CVE-2014-0139,5019c780958c3a8dbe64123aa90e6eaff1b84cfa
7.9.6,CVE-2013-2174,192c4f788d48f82c03e9cef40013f34370e90737
7.9.6,CVE-2013-1944,2eb8dcf26cb37f09cffe26909a646e702dbcab66
7.9.6,CVE-2009-2417,NA
7.9.6,CVE-2009-0037,NA
7.9.5,CVE-2015-3153,69a2e8d7ec581695a62527cb2252e7350f314ffa
7.9.5,CVE-2014-8150,178bd7db34f77e020fb8562890c5625ccbd67093
7.9.5,CVE-2014-3613,8a75dbeb2305297640453029b7905ef51b87e8dd
7.9.5,CVE-2014-0139,5019c780958c3a8dbe64123aa90e6eaff1b84cfa
7.9.5,CVE-2013-2174,192c4f788d48f82c03e9cef40013f34370e90737
7.9.5,CVE-2013-1944,2eb8dcf26cb37f09cffe26909a646e702dbcab66
7.9.5,CVE-2009-2417,NA
7.9.5,CVE-2009-0037,NA
7.9.4,CVE-2015-3153,69a2e8d7ec581695a62527cb2252e7350f314ffa
7.9.4,CVE-2014-8150,178bd7db34f77e020fb8562890c5625ccbd67093
7.9.4,CVE-2014-3613,8a75dbeb2305297640453029b7905ef51b87e8dd
7.9.4,CVE-2014-0139,5019c780958c3a8dbe64123aa90e6eaff1b84cfa
7.9.4,CVE-2013-2174,192c4f788d48f82c03e9cef40013f34370e90737
7.9.4,CVE-2013-1944,2eb8dcf26cb37f09cffe26909a646e702dbcab66
7.9.4,CVE-2009-2417,NA
7.9.4,CVE-2009-0037,NA
7.9.3,CVE-2015-3153,69a2e8d7ec581695a62527cb2252e7350f314ffa
7.9.3,CVE-2014-8150,178bd7db34f77e020fb8562890c5625ccbd67093
7.9.3,CVE-2014-3613,8a75dbeb2305297640453029b7905ef51b87e8dd
7.9.3,CVE-2014-0139,5019c780958c3a8dbe64123aa90e6eaff1b84cfa
7.9.3,CVE-2013-2174,192c4f788d48f82c03e9cef40013f34370e90737
7.9.3,CVE-2013-1944,2eb8dcf26cb37f09cffe26909a646e702dbcab66
7.9.3,CVE-2009-2417,NA
7.9.3,CVE-2009-0037,NA
7.9.2,CVE-2015-3153,69a2e8d7ec581695a62527cb2252e7350f314ffa
7.9.2,CVE-2014-8150,178bd7db34f77e020fb8562890c5625ccbd67093
7.9.2,CVE-2014-3613,8a75dbeb2305297640453029b7905ef51b87e8dd
7.9.2,CVE-2014-0139,5019c780958c3a8dbe64123aa90e6eaff1b84cfa
7.9.2,CVE-2013-2174,192c4f788d48f82c03e9cef40013f34370e90737
7.9.2,CVE-2013-1944,2eb8dcf26cb37f09cffe26909a646e702dbcab66
7.9.2,CVE-2009-2417,NA
7.9.2,CVE-2009-0037,NA
7.9.1,CVE-2015-3153,69a2e8d7ec581695a62527cb2252e7350f314ffa
7.9.1,CVE-2014-8150,178bd7db34f77e020fb8562890c5625ccbd67093
7.9.1,CVE-2014-3613,8a75dbeb2305297640453029b7905ef51b87e8dd
7.9.1,CVE-2014-0139,5019c780958c3a8dbe64123aa90e6eaff1b84cfa
7.9.1,CVE-2013-2174,192c4f788d48f82c03e9cef40013f34370e90737
7.9.1,CVE-2013-1944,2eb8dcf26cb37f09cffe26909a646e702dbcab66
7.9.1,CVE-2009-2417,NA
7.9.1,CVE-2009-0037,NA
7.9.0,CVE-2015-3153,69a2e8d7ec581695a62527cb2252e7350f314ffa
7.9.0,CVE-2014-8150,178bd7db34f77e020fb8562890c5625ccbd67093
7.9.0,CVE-2014-3613,8a75dbeb2305297640453029b7905ef51b87e8dd
7.9.0,CVE-2014-0139,5019c780958c3a8dbe64123aa90e6eaff1b84cfa
7.9.0,CVE-2013-2174,192c4f788d48f82c03e9cef40013f34370e90737
7.9.0,CVE-2013-1944,2eb8dcf26cb37f09cffe26909a646e702dbcab66
7.9.0,CVE-2009-2417,NA
7.9.0,CVE-2009-0037,NA
7.8.1,CVE-2015-3153,69a2e8d7ec581695a62527cb2252e7350f314ffa
7.8.1,CVE-2014-8150,178bd7db34f77e020fb8562890c5625ccbd67093
7.8.1,CVE-2014-3613,8a75dbeb2305297640453029b7905ef51b87e8dd
7.8.1,CVE-2014-0139,5019c780958c3a8dbe64123aa90e6eaff1b84cfa
7.8.1,CVE-2013-2174,192c4f788d48f82c03e9cef40013f34370e90737
7.8.1,CVE-2013-1944,2eb8dcf26cb37f09cffe26909a646e702dbcab66
7.8.1,CVE-2009-2417,NA
7.8.1,CVE-2009-0037,NA
7.8.0,CVE-2015-3153,69a2e8d7ec581695a62527cb2252e7350f314ffa
7.8.0,CVE-2014-8150,178bd7db34f77e020fb8562890c5625ccbd67093
7.8.0,CVE-2014-3613,8a75dbeb2305297640453029b7905ef51b87e8dd
7.8.0,CVE-2014-0139,5019c780958c3a8dbe64123aa90e6eaff1b84cfa
7.8.0,CVE-2013-2174,192c4f788d48f82c03e9cef40013f34370e90737
7.8.0,CVE-2013-1944,2eb8dcf26cb37f09cffe26909a646e702dbcab66
7.8.0,CVE-2009-2417,NA
7.8.0,CVE-2009-0037,NA
7.7.3,CVE-2015-3153,69a2e8d7ec581695a62527cb2252e7350f314ffa
7.7.3,CVE-2014-8150,178bd7db34f77e020fb8562890c5625ccbd67093
7.7.3,CVE-2014-3613,8a75dbeb2305297640453029b7905ef51b87e8dd
7.7.3,CVE-2014-0139,5019c780958c3a8dbe64123aa90e6eaff1b84cfa
7.7.3,CVE-2013-2174,192c4f788d48f82c03e9cef40013f34370e90737
7.7.3,CVE-2013-1944,2eb8dcf26cb37f09cffe26909a646e702dbcab66
7.7.3,CVE-2009-2417,NA
7.7.3,CVE-2009-0037,NA
7.7.2,CVE-2015-3153,69a2e8d7ec581695a62527cb2252e7350f314ffa
7.7.2,CVE-2014-8150,178bd7db34f77e020fb8562890c5625ccbd67093
7.7.2,CVE-2014-3613,8a75dbeb2305297640453029b7905ef51b87e8dd
7.7.2,CVE-2014-0139,5019c780958c3a8dbe64123aa90e6eaff1b84cfa
7.7.2,CVE-2013-2174,192c4f788d48f82c03e9cef40013f34370e90737
7.7.2,CVE-2013-1944,2eb8dcf26cb37f09cffe26909a646e702dbcab66
7.7.2,CVE-2009-2417,NA
7.7.2,CVE-2009-0037,NA
7.7.1,CVE-2015-3153,69a2e8d7ec581695a62527cb2252e7350f314ffa
7.7.1,CVE-2014-8150,178bd7db34f77e020fb8562890c5625ccbd67093
7.7.1,CVE-2014-3613,8a75dbeb2305297640453029b7905ef51b87e8dd
7.7.1,CVE-2014-0139,5019c780958c3a8dbe64123aa90e6eaff1b84cfa
7.7.1,CVE-2013-2174,192c4f788d48f82c03e9cef40013f34370e90737
7.7.1,CVE-2013-1944,2eb8dcf26cb37f09cffe26909a646e702dbcab66
7.7.1,CVE-2009-2417,NA
7.7.1,CVE-2009-0037,NA
7.7.0,CVE-2015-3153,69a2e8d7ec581695a62527cb2252e7350f314ffa
7.7.0,CVE-2014-8150,178bd7db34f77e020fb8562890c5625ccbd67093
7.7.0,CVE-2014-3613,8a75dbeb2305297640453029b7905ef51b87e8dd
7.7.0,CVE-2014-0139,5019c780958c3a8dbe64123aa90e6eaff1b84cfa
7.7.0,CVE-2013-2174,192c4f788d48f82c03e9cef40013f34370e90737
7.7.0,CVE-2013-1944,2eb8dcf26cb37f09cffe26909a646e702dbcab66
7.7.0,CVE-2009-2417,NA
7.7.0,CVE-2009-0037,NA
7.6.1,CVE-2015-3153,69a2e8d7ec581695a62527cb2252e7350f314ffa
7.6.1,CVE-2014-8150,178bd7db34f77e020fb8562890c5625ccbd67093
7.6.1,CVE-2014-3613,8a75dbeb2305297640453029b7905ef51b87e8dd
7.6.1,CVE-2014-0139,5019c780958c3a8dbe64123aa90e6eaff1b84cfa
7.6.1,CVE-2013-1944,2eb8dcf26cb37f09cffe26909a646e702dbcab66
7.6.1,CVE-2009-2417,NA
7.6.1,CVE-2009-0037,NA
7.6.0,CVE-2015-3153,69a2e8d7ec581695a62527cb2252e7350f314ffa
7.6.0,CVE-2014-8150,178bd7db34f77e020fb8562890c5625ccbd67093
7.6.0,CVE-2014-3613,8a75dbeb2305297640453029b7905ef51b87e8dd
7.6.0,CVE-2014-0139,5019c780958c3a8dbe64123aa90e6eaff1b84cfa
7.6.0,CVE-2013-1944,2eb8dcf26cb37f09cffe26909a646e702dbcab66
7.6.0,CVE-2009-2417,NA
7.6.0,CVE-2009-0037,NA
7.5.2,CVE-2015-3153,69a2e8d7ec581695a62527cb2252e7350f314ffa
7.5.2,CVE-2014-8150,178bd7db34f77e020fb8562890c5625ccbd67093
7.5.2,CVE-2014-3613,8a75dbeb2305297640453029b7905ef51b87e8dd
7.5.2,CVE-2014-0139,5019c780958c3a8dbe64123aa90e6eaff1b84cfa
7.5.2,CVE-2013-1944,2eb8dcf26cb37f09cffe26909a646e702dbcab66
7.5.2,CVE-2009-2417,NA
7.5.2,CVE-2009-0037,NA
7.5.1,CVE-2015-3153,69a2e8d7ec581695a62527cb2252e7350f314ffa
7.5.1,CVE-2014-8150,178bd7db34f77e020fb8562890c5625ccbd67093
7.5.1,CVE-2014-3613,8a75dbeb2305297640453029b7905ef51b87e8dd
7.5.1,CVE-2014-0139,5019c780958c3a8dbe64123aa90e6eaff1b84cfa
7.5.1,CVE-2013-1944,2eb8dcf26cb37f09cffe26909a646e702dbcab66
7.5.1,CVE-2009-2417,NA
7.5.1,CVE-2009-0037,NA
7.5.0,CVE-2015-3153,69a2e8d7ec581695a62527cb2252e7350f314ffa
7.5.0,CVE-2014-8150,178bd7db34f77e020fb8562890c5625ccbd67093
7.5.0,CVE-2014-3613,8a75dbeb2305297640453029b7905ef51b87e8dd
7.5.0,CVE-2014-0139,5019c780958c3a8dbe64123aa90e6eaff1b84cfa
7.5.0,CVE-2013-1944,2eb8dcf26cb37f09cffe26909a646e702dbcab66
7.5.0,CVE-2009-2417,NA
7.5.0,CVE-2009-0037,NA
7.4.2,CVE-2015-3153,69a2e8d7ec581695a62527cb2252e7350f314ffa
7.4.2,CVE-2014-8150,178bd7db34f77e020fb8562890c5625ccbd67093
7.4.2,CVE-2014-3613,8a75dbeb2305297640453029b7905ef51b87e8dd
7.4.2,CVE-2014-0139,5019c780958c3a8dbe64123aa90e6eaff1b84cfa
7.4.2,CVE-2013-1944,2eb8dcf26cb37f09cffe26909a646e702dbcab66
7.4.2,CVE-2009-2417,NA
7.4.2,CVE-2009-0037,NA
7.4.1,CVE-2015-3153,69a2e8d7ec581695a62527cb2252e7350f314ffa
7.4.1,CVE-2014-8150,178bd7db34f77e020fb8562890c5625ccbd67093
7.4.1,CVE-2014-3613,8a75dbeb2305297640453029b7905ef51b87e8dd
7.4.1,CVE-2014-0139,5019c780958c3a8dbe64123aa90e6eaff1b84cfa
7.4.1,CVE-2013-1944,2eb8dcf26cb37f09cffe26909a646e702dbcab66
7.4.1,CVE-2009-2417,NA
7.4.1,CVE-2009-0037,NA
7.4.0,CVE-2015-3153,69a2e8d7ec581695a62527cb2252e7350f314ffa
7.4.0,CVE-2014-8150,178bd7db34f77e020fb8562890c5625ccbd67093
7.4.0,CVE-2014-3613,8a75dbeb2305297640453029b7905ef51b87e8dd
7.4.0,CVE-2014-0139,5019c780958c3a8dbe64123aa90e6eaff1b84cfa
7.4.0,CVE-2013-1944,2eb8dcf26cb37f09cffe26909a646e702dbcab66
7.4.0,CVE-2009-2417,NA
7.4.0,CVE-2009-0037,NA
7.3.0,CVE-2015-3153,69a2e8d7ec581695a62527cb2252e7350f314ffa
7.3.0,CVE-2014-8150,178bd7db34f77e020fb8562890c5625ccbd67093
7.3.0,CVE-2014-3613,8a75dbeb2305297640453029b7905ef51b87e8dd
7.3.0,CVE-2014-0139,5019c780958c3a8dbe64123aa90e6eaff1b84cfa
7.3.0,CVE-2013-1944,2eb8dcf26cb37f09cffe26909a646e702dbcab66
7.3.0,CVE-2009-0037,NA
7.2.1,CVE-2015-3153,69a2e8d7ec581695a62527cb2252e7350f314ffa
7.2.1,CVE-2014-8150,178bd7db34f77e020fb8562890c5625ccbd67093
7.2.1,CVE-2014-3613,8a75dbeb2305297640453029b7905ef51b87e8dd
7.2.1,CVE-2014-0139,5019c780958c3a8dbe64123aa90e6eaff1b84cfa
7.2.1,CVE-2013-1944,2eb8dcf26cb37f09cffe26909a646e702dbcab66
7.2.1,CVE-2009-0037,NA
7.2.0,CVE-2015-3153,69a2e8d7ec581695a62527cb2252e7350f314ffa
7.2.0,CVE-2014-8150,178bd7db34f77e020fb8562890c5625ccbd67093
7.2.0,CVE-2014-3613,8a75dbeb2305297640453029b7905ef51b87e8dd
7.2.0,CVE-2014-0139,5019c780958c3a8dbe64123aa90e6eaff1b84cfa
7.2.0,CVE-2013-1944,2eb8dcf26cb37f09cffe26909a646e702dbcab66
7.2.0,CVE-2009-0037,NA
7.1.1,CVE-2015-3153,69a2e8d7ec581695a62527cb2252e7350f314ffa
7.1.1,CVE-2014-8150,178bd7db34f77e020fb8562890c5625ccbd67093
7.1.1,CVE-2014-3613,8a75dbeb2305297640453029b7905ef51b87e8dd
7.1.1,CVE-2014-0139,5019c780958c3a8dbe64123aa90e6eaff1b84cfa
7.1.1,CVE-2013-1944,2eb8dcf26cb37f09cffe26909a646e702dbcab66
7.1.1,CVE-2009-0037,NA
7.1.0,CVE-2015-3153,69a2e8d7ec581695a62527cb2252e7350f314ffa
7.1.0,CVE-2014-8150,178bd7db34f77e020fb8562890c5625ccbd67093
7.1.0,CVE-2014-3613,8a75dbeb2305297640453029b7905ef51b87e8dd
7.1.0,CVE-2014-0139,5019c780958c3a8dbe64123aa90e6eaff1b84cfa
7.1.0,CVE-2013-1944,2eb8dcf26cb37f09cffe26909a646e702dbcab66
7.1.0,CVE-2009-0037,NA
6.5.2,CVE-2014-8150,178bd7db34f77e020fb8562890c5625ccbd67093
6.5.2,CVE-2013-1944,2eb8dcf26cb37f09cffe26909a646e702dbcab66
6.5.2,CVE-2009-0037,NA
6.5.1,CVE-2014-8150,178bd7db34f77e020fb8562890c5625ccbd67093
6.5.1,CVE-2013-1944,2eb8dcf26cb37f09cffe26909a646e702dbcab66
6.5.1,CVE-2009-0037,NA
6.5.0,CVE-2014-8150,178bd7db34f77e020fb8562890c5625ccbd67093
6.5.0,CVE-2013-1944,2eb8dcf26cb37f09cffe26909a646e702dbcab66
6.5.0,CVE-2009-0037,NA
6.4.0,CVE-2014-8150,178bd7db34f77e020fb8562890c5625ccbd67093
6.4.0,CVE-2013-1944,2eb8dcf26cb37f09cffe26909a646e702dbcab66
6.4.0,CVE-2009-0037,NA
